Entity,Code,Year,Poultry,Pork,Beef,Lamb & goat,Other meat,Eggs,Milk,"Fish, Seafood"
Afghanistan,AFG,2014,0.71,0.01,1.62,1.71,0.18,0.43,6.7,0.06
Afghanistan,AFG,2015,0.68,0.01,1.43,1.67,0.14,0.39,6.14,0.06
Afghanistan,AFG,2016,0.6,0,1.22,1.6,0.14,0.39,5.8,0.07
Afghanistan,AFG,2017,0.54,0,1.09,1.62,0.14,0.44,5.98,0.07
Albania,ALB,2014,5.11,2.15,7.61,4.45,0,4.14,33.35,1.49
Albania,ALB,2015,4.66,1.88,5.74,3.41,0,4.4,34.64,1.49
Albania,ALB,2016,4.68,1.89,5.76,3.43,0,4.5,38.24,1.5
Albania,ALB,2017,6.26,2.17,6.2,3.42,0.26,4.32,39.39,1.5
Algeria,DZA,2014,2.13,0,2.36,2.73,0.15,2.26,16.78,1.33
Algeria,DZA,2015,2.06,0,2.3,2.57,0.15,2.47,15.03,1.33
Algeria,DZA,2016,2.07,0,2.3,2.49,0.15,2.44,14.29,1.19
Algeria,DZA,2017,1.97,0,1.95,2.45,0.15,2.4,14.98,1.18
Angola,AGO,2014,5.14,2.42,2.85,0.36,0.17,0.35,1.56,7.73
Angola,AGO,2015,4.47,1.92,2.19,0.37,0.17,0.18,1.02,6.82
Angola,AGO,2016,3.12,2.06,1.93,0.33,0.16,0.2,1.23,5.65
Angola,AGO,2017,3.6,2.11,2.06,0.32,0.16,0.19,1.24,5.89
Antigua and Barbuda,ATG,2014,17.86,3.18,4.76,0.58,0.5,0.82,11.01,13.79
Antigua and Barbuda,ATG,2015,17.99,3.16,3.98,0.59,0.43,1.03,11.35,13.64
Antigua and Barbuda,ATG,2016,15.87,2.99,3.44,0.58,0.33,0.78,11.1,13.51
Antigua and Barbuda,ATG,2017,17.77,3.17,4.19,0.76,0.28,0.79,12.11,13.38
Argentina,ARG,2014,11.81,3.09,26.55,0.54,0.51,3.41,14.51,1.77
Argentina,ARG,2015,13.52,3.09,26.66,0.53,0.5,4.02,14.99,2.13
Argentina,ARG,2016,13.4,3.15,26.44,0.48,0.53,4.2,13.83,1.77
Argentina,ARG,2017,13.53,3.33,26.58,0.47,0.51,4.23,11.98,2.1
Armenia,ARM,2014,4.44,3.11,7.69,1.13,0.01,3.28,20.07,1.62
Armenia,ARM,2015,4.44,3.08,7.23,1.14,0.01,3.31,19.01,1.94
Armenia,ARM,2016,4.48,2.7,7.25,1.14,0.01,3.47,20.22,1.92
Armenia,ARM,2017,5.44,2.75,7.28,1.09,0.03,3.42,19.55,1.72
Australia,AUS,2014,16.3,5.91,13.47,3.32,1.08,2.24,19.15,6.49
Australia,AUS,2015,16.48,6.29,14.13,3.34,1.08,2.18,18.41,6.11
Australia,AUS,2016,16.55,6.14,14.14,3.35,1.06,2.32,17.44,6.24
Australia,AUS,2017,16.6,6.11,13.58,3.37,1.04,2.36,18.23,6.18
Austria,AUT,2014,7.87,15.09,6.5,0.4,0.59,4.35,25.04,3.97
Austria,AUT,2015,7.8,15.11,6.55,0.4,0.54,4.32,24.53,4
Austria,AUT,2016,7.47,14.06,7.33,0.4,0.53,4.33,25.09,3.91
Austria,AUT,2017,7.49,13.99,7.13,0.39,0.53,4.64,24.86,3.97
Azerbaijan,AZE,2014,3.91,0.1,5.15,2.92,0.03,2.51,12.19,0.54
Azerbaijan,AZE,2015,4.02,0.32,5.15,2.92,0.01,2.45,12.18,0.39
Azerbaijan,AZE,2016,4.01,0.21,5,2.88,0,2.51,12.73,0.6
Azerbaijan,AZE,2017,4.45,0.17,5.17,2.87,0,2.6,12.65,0.9
Bahamas,BHS,2014,15.14,6.57,7.32,1.75,0.16,1.34,6.35,7.26
Bahamas,BHS,2015,13.96,6.65,7.59,1.02,0.2,1.22,6.25,7.19
Bahamas,BHS,2016,15.03,5.22,5.39,0.85,0.28,2,5.43,7.12
Bahamas,BHS,2017,14.61,4.76,4.32,1.13,0.29,2.06,5.94,7.05
Bangladesh,BGD,2014,0.45,0,0.52,0.55,0.04,0.53,2.06,6.62
Bangladesh,BGD,2015,0.45,0,0.51,0.55,0.04,0.57,2.1,6.91
Bangladesh,BGD,2016,0.46,0,0.5,0.54,0,0.66,2.18,7.1
Bangladesh,BGD,2017,0.47,0,0.49,0.57,0,0.87,2.24,7.03
Barbados,BRB,2014,15.51,1.66,6.09,1.63,0,2.22,9.87,12.01
Barbados,BRB,2015,16.51,1.79,6.93,1.53,0,2.43,9.5,11.99
Barbados,BRB,2016,15.71,1.83,6.85,1.46,0,3.04,9.29,11.97
Barbados,BRB,2017,15.33,1.57,6.4,1.65,0.03,2.59,9.63,11.95
Belarus,BLR,2014,9.69,9.82,7,0.04,0.12,4.27,12.84,4.63
Belarus,BLR,2015,9.44,9.7,6.81,0.04,0.13,4.33,12.65,4.63
Belarus,BLR,2016,9.35,10.17,6.76,0.04,0.11,4.14,10.88,4.62
Belarus,BLR,2017,9.41,10.44,6.8,0.04,0.11,4.31,11.33,4.62
Belgium,BEL,2014,4.49,9.65,5.16,0.5,0.74,3.64,22.86,6.78
Belgium,BEL,2015,4.01,8.96,5.08,0.48,1.59,4.21,24.86,6.61
Belgium,BEL,2016,4.48,8.24,5.09,0.41,1.29,3.73,24.74,6.33
Belgium,BEL,2017,4.57,8.79,5.06,0.39,1.61,3.98,24.19,6.09
Belize,BLZ,2014,8.3,4.91,1.94,0.04,0.14,1.19,5.65,3.3
Belize,BLZ,2015,8.29,4.55,1.79,0.04,0.15,1.26,6.53,3.23
Belize,BLZ,2016,8.31,4.59,1.5,0.04,0.14,1.56,6.66,3.16
Belize,BLZ,2017,8.26,4.57,1.41,0.04,0.15,1.26,6.18,3.1
Benin,BEN,2014,7.16,0.3,1.32,0.38,0.45,0.26,1.52,5.63
Benin,BEN,2015,6.48,0.28,1.35,0.34,0.4,0.29,1.53,5.21
Benin,BEN,2016,5.37,0.25,1.35,0.35,0.39,0.3,1.44,5.66
Benin,BEN,2017,4.98,0.26,1.37,0.36,0.38,0.29,1.41,4.75
Bolivia,BOL,2014,10.55,2.31,7.06,0.67,0.67,1.54,4.24,0.69
Bolivia,BOL,2015,11.19,2.34,7.53,0.74,0.67,1.58,4.69,0.78
Bolivia,BOL,2016,11.31,2.49,7.73,0.82,0.66,1.92,4.1,0.79
Bolivia,BOL,2017,11.43,2.47,7.85,0.98,0.65,2,4.4,0.76
Bosnia and Herzegovina,BIH,2014,5.37,2.67,3.95,0.21,0.04,1.44,17.23,1.52
Bosnia and Herzegovina,BIH,2015,5.47,2.83,3.65,0.15,0.02,1.56,18.09,1.55
Bosnia and Herzegovina,BIH,2016,5.57,2.98,3.7,0.15,0.02,1.49,18.51,1.57
Bosnia and Herzegovina,BIH,2017,5.66,3.1,3.77,0.15,0.03,1.5,17.77,1.58
Botswana,BWA,2014,1.46,0.21,2.6,1.46,6.38,0.5,18.04,1.28
Botswana,BWA,2015,1.25,0.22,2.63,1.08,6.27,0.39,17.03,1.11
Botswana,BWA,2016,1.33,0.25,2.11,1.04,6.4,0.43,15.52,1.09
Botswana,BWA,2017,1.19,0.24,2.26,1.09,6.13,0.43,12.25,1.07
Brazil,BRA,2014,14.44,3.17,14.51,0.23,0.41,2.25,13.56,2.6
Brazil,BRA,2015,14.98,3.4,14.19,0.23,0.41,2.19,13.28,2.37
Brazil,BRA,2016,15.08,3.47,13.84,0.23,0.35,2.12,13.1,2.42
Brazil,BRA,2017,15.68,3.62,13.86,0.23,0.68,2.15,12.73,2.46
Bulgaria,BGR,2014,8.37,7.8,1.59,0.69,0.41,2.47,14.7,2.03
Bulgaria,BGR,2015,8.49,7.84,1.55,0.55,0.42,2.59,13.48,2.18
Bulgaria,BGR,2016,8.71,8.01,1.58,0.6,0.42,2.71,13.93,2.27
Bulgaria,BGR,2017,8.74,8.24,1.48,0.49,0.44,2.68,14.64,2.23
Burkina Faso,BFA,2014,0.69,0.71,2.16,1.17,0.23,0.74,2.61,2.1
Burkina Faso,BFA,2015,0.83,0.69,2,1.09,0.22,0.74,2.8,2.21
Burkina Faso,BFA,2016,0.79,0.66,2.25,0.85,0.21,0.71,2.7,2.32
Burkina Faso,BFA,2017,0.77,0.64,2.09,0.82,0.21,0.68,2.69,2.26
Cambodia,KHM,2014,0.51,2.13,1.68,0,0,0.43,0.3,13.27
Cambodia,KHM,2015,0.49,2.07,1.62,0,0,0.4,0.3,12.98
Cambodia,KHM,2016,0.53,2.04,1.61,0,0.01,0.39,0.42,13.3
Cambodia,KHM,2017,0.74,1.8,1.72,0,0,0.39,0.45,13.42
Cameroon,CMR,2014,1.06,0.44,1.6,0.55,1.56,0.1,1.26,5.51
Cameroon,CMR,2015,1.09,0.44,1.55,0.55,1.55,0.1,1.31,5.57
Cameroon,CMR,2016,1.11,0.43,1.4,0.52,1.53,0.1,1.23,5.67
Cameroon,CMR,2017,1.07,0.41,1.33,0.51,1.52,0.1,1.12,4.75
Canada,CAN,2014,13.26,6.19,10.88,0.36,0.01,3.85,12.89,5.89
Canada,CAN,2015,13.49,6.73,10.5,0.36,0.01,4,12.13,5.84
Canada,CAN,2016,13.72,6.3,8.09,0.36,0.02,4.12,12.39,5.88
Canada,CAN,2017,13.86,6.63,6.92,0.36,0.01,4.16,11.72,5.82
Cape Verde,CPV,2014,6.33,3.27,0.89,0.69,0.07,1.35,8.78,3.51
Cape Verde,CPV,2015,6.41,3.26,0.89,0.69,0.1,1.3,9.13,3.54
Cape Verde,CPV,2016,6.49,3.7,0.9,0.7,0.07,1.37,9.74,3.23
Cape Verde,CPV,2017,6.52,3.33,1.03,0.71,0.17,1.39,8.76,3.19
Central African Republic,CAF,2014,0.62,1.22,7.94,1.92,2.24,0.12,1.55,2.38
Central African Republic,CAF,2015,0.61,1.16,8.01,1.95,2.25,0.12,1.49,2.35
Central African Republic,CAF,2016,0.64,1.24,7.91,2.11,2.25,0.13,1.5,2.29
Central African Republic,CAF,2017,0.78,1.21,7.9,2.1,2.24,0.14,1.52,2.26
Chad,TCD,2014,0.17,0.02,4.38,0.99,0.34,0.1,2.16,4.15
Chad,TCD,2015,0.16,0.02,3.69,5.71,0.43,0.1,3.64,3.14
Chad,TCD,2016,0.17,0.02,3.59,6.27,0.32,0.1,3.56,3.44
Chad,TCD,2017,0.15,0.02,3.48,6.51,0.39,0.1,3.91,3.2
Chile,CHL,2014,12.1,7.07,8.55,0.2,0.89,2.76,8.49,3.66
Chile,CHL,2015,11.98,6.89,9.13,0.19,0.85,2.86,8.76,3.41
Chile,CHL,2016,12.42,7.03,9.82,0.17,0.68,2.83,8.94,3.39
Chile,CHL,2017,12.21,7.23,8.93,0.18,0.72,2.86,9.26,3.61
China,CHN,2014,4.08,11.79,1.9,1.15,0.55,5.85,3.23,8.64
China,CHN,2015,3.98,11.76,1.98,1.16,0.56,6.93,2.67,9
China,CHN,2016,4.23,11.45,2.05,1.2,0.57,7.02,2.66,9.01
China,CHN,2017,4.17,11.35,2.11,1.22,0.6,7.13,2.72,9.07
Colombia,COL,2014,8.57,2.06,6.58,0.06,0.05,3.2,12.12,2.18
Colombia,COL,2015,8.89,2.2,6.62,0.06,0.05,3.31,11.83,2.15
Colombia,COL,2016,9.25,2.45,6.08,0.06,0.05,3.41,11.75,2.13
Colombia,COL,2017,9.57,2.73,5.58,0.06,0.05,3.47,12.19,2.09
Congo,COG,2014,4.68,0.93,1.26,0.15,4.37,0.17,1.15,8.72
Congo,COG,2015,8.54,1.51,0.77,0.14,4.45,0.2,1.02,7.76
Congo,COG,2016,8.24,1.5,0.72,0.13,4.52,0.17,0.86,8.35
Congo,COG,2017,7.45,1.86,1.12,0.14,4.59,0.16,0.64,8.83
Costa Rica,CRI,2014,7.3,2.7,6.02,0.01,0,2.68,19.13,4.33
Costa Rica,CRI,2015,7.57,2.88,5.8,0.01,0,2.68,19.35,4.48
Costa Rica,CRI,2016,7.85,3.13,5.42,0.01,0,2.89,19.41,5.05
Costa Rica,CRI,2017,7.93,3.41,5.51,0.01,0,2.88,19.13,5.79
Cote d'Ivoire,CIV,2014,0.69,0.28,0.52,0.23,3.2,0.52,0.57,4.97
Cote d'Ivoire,CIV,2015,0.6,0.39,0.38,0.22,3.17,0.6,0.79,5.49
Cote d'Ivoire,CIV,2016,0.89,0.44,0.43,0.23,3.16,0.6,0.76,5.55
Cote d'Ivoire,CIV,2017,0.86,0.53,0.5,0.22,3.12,0.58,0.77,5.41
Croatia,HRV,2014,3.1,11.1,4.57,0.51,1.6,2.21,19.32,5.42
Croatia,HRV,2015,3.23,11.68,4.69,0.51,1.29,2.11,20.24,4.98
Croatia,HRV,2016,3.33,11.61,4.81,0.55,1.15,2.46,20.45,5.11
Croatia,HRV,2017,4.06,12.01,5.08,0.56,1.36,2.36,20.7,5.74
Cuba,CUB,2014,5.38,5.61,2.45,0.54,3.58,2.48,7.49,1.77
Cuba,CUB,2015,5.64,5.69,2.54,0.51,3.66,2.25,7.22,1.9
Cuba,CUB,2016,6.16,5.89,2.57,0.47,3.64,2.35,7.74,1.71
Cuba,CUB,2017,7.12,5.88,2.6,0.5,3.67,2.44,7.61,1.54
Cyprus,CYP,2014,9.31,8.36,2.52,2.09,1.08,2.53,10.98,5.98
Cyprus,CYP,2015,9.26,8.23,2.41,1.96,0.75,2.26,11.37,5.79
Cyprus,CYP,2016,9.32,8.38,2.7,1.91,0.7,2.26,11.63,5.89
Cyprus,CYP,2017,9.58,8.5,2.84,1.96,0.65,2.36,11.82,6.85
Czechia,CZE,2014,6.98,11.17,3.14,0.11,1.77,2.49,20.65,2.65
Czechia,CZE,2015,7.09,11.87,3.26,0.12,1.8,2.5,20.34,2.68
Czechia,CZE,2016,7.17,11.7,3.61,0.12,2.18,2.56,21.27,2.48
Czechia,CZE,2017,7.5,11.79,3.68,0.12,2.4,2.56,20.65,2.7
Denmark,DNK,2014,9.41,3.69,9.98,0.3,0.4,5.25,25.82,8.53
Denmark,DNK,2015,7.28,4.09,9.96,0.3,0.4,5.15,26.75,8.5
Denmark,DNK,2016,11.48,4.53,9.96,0.3,1.43,5.11,27.55,8.46
Denmark,DNK,2017,12.97,4.72,9.15,0.31,1.17,5.23,27.15,8.43
Djibouti,DJI,2014,0.64,0.04,3.04,2.16,0.3,0.31,5.09,1.12
Djibouti,DJI,2015,0.75,0.02,2.99,2.08,0.3,0.56,6.1,1.4
Djibouti,DJI,2016,0.72,0.03,2.71,1.83,0.27,0.6,5.58,1.67
Djibouti,DJI,2017,0.92,0.03,2.72,1.81,0.27,0.32,4.65,1.08
Dominica,DMA,2014,11.79,4.25,3.47,0.46,0,0.69,10.73,9.14
Dominica,DMA,2015,11.46,4.41,3.31,0.58,0,0.62,11.94,9.52
Dominica,DMA,2016,11.91,4.02,3.26,0.65,0.02,0.68,14.61,8.6
Dominica,DMA,2017,11.52,3.89,3.3,0.46,0.19,0.67,13.17,8.55
Dominican Republic,DOM,2014,10.2,2.43,3.22,0.1,0.01,2.56,7.68,2.57
Dominican Republic,DOM,2015,10.3,2.64,3.46,0.08,0.01,2.6,8.01,2.55
Dominican Republic,DOM,2016,10.94,2.73,3.25,0.09,0.01,2.59,8.8,2.73
Dominican Republic,DOM,2017,10.88,2.91,3.37,0.09,0.01,2.76,9.55,2.7
Ecuador,ECU,2014,6.57,6.18,5.34,0.12,0.03,2.55,10.67,1.98
Ecuador,ECU,2015,6.38,5.32,4.89,0.1,0.03,2.86,9.7,2.31
Ecuador,ECU,2016,6.23,3.63,4.78,0.09,0.03,2.75,10.39,2.21
Ecuador,ECU,2017,6.15,3.5,4.83,0.08,0.03,2.11,9.68,2.17
Egypt,EGY,2014,4.21,0,4.48,0.59,0.52,1.15,4.89,6.93
Egypt,EGY,2015,4.35,0,5.17,0.61,0.53,1.09,4.52,6.73
Egypt,EGY,2016,4.44,0,4.51,0.56,0.54,1.02,4.44,6.67
Egypt,EGY,2017,4.51,0,4.27,0.52,0.53,1.01,4.03,6.73
El Salvador,SLV,2014,5.95,0.91,2.6,0.01,0,2.56,11.51,2.68
El Salvador,SLV,2015,6,0.96,2.61,0.01,0,2.57,11.66,2.32
El Salvador,SLV,2016,6.04,1.08,2.69,0.01,0,2.58,11.25,2.23
El Salvador,SLV,2017,6.25,1.13,2.94,0.01,0,2.38,10.53,2.2
Estonia,EST,2014,6.75,8.02,2.73,0.17,0.06,3.6,31.7,3.14
Estonia,EST,2015,7.14,8.73,2.76,0.17,0.08,3.6,32.29,3.1
Estonia,EST,2016,7.31,8.9,3.07,0.17,0.06,3.82,32.11,3.38
Estonia,EST,2017,7.27,8.35,3.08,0.17,0.07,3.67,33.16,3.73
Eswatini,SWZ,2014,2.57,0.68,6.84,0.87,0.17,0.41,4.99,1.27
Eswatini,SWZ,2015,2.3,0.53,6.73,0.88,0.14,0.58,4.83,1.26
Eswatini,SWZ,2016,1.26,0.55,6.81,0.8,0.15,0.5,4.33,1.04
Eswatini,SWZ,2017,2.23,0.65,7.04,0.77,0.15,0.5,4.18,1.14
Ethiopia,ETH,2014,0.14,0.01,1.49,0.37,0.53,0.12,3.29,0.15
Ethiopia,ETH,2015,0.04,0.01,1.49,0.13,0.52,0.14,3.19,0.14
Ethiopia,ETH,2016,0.04,0.01,1.44,0.15,0.51,0.13,2.99,0.14
Ethiopia,ETH,2017,0.04,0.01,1.42,0.24,0.5,0.13,2.88,0.14
Fiji,FJI,2014,8.79,1.46,2.46,2.02,0.06,1.76,3.93,9.81
Fiji,FJI,2015,8.42,1.5,1.8,1.97,0.07,1.59,3.68,9.67
Fiji,FJI,2016,8.77,1.48,1.42,1.94,0.06,1.62,4.2,9.42
Fiji,FJI,2017,9.44,1.44,2.02,2.05,0.06,1.24,4.04,9.36
Finland,FIN,2014,7.79,9.61,7.7,0.19,0.58,2.6,33.15,9.98
Finland,FIN,2015,7.77,9.59,7.5,0.19,0.47,2.55,34.36,9.55
Finland,FIN,2016,7.84,9.59,7.66,0.19,0.38,2.73,33.89,8.57
Finland,FIN,2017,7.87,9.68,7.95,0.19,0.47,2.74,33.85,9.01
France,FRA,2014,9.16,8.82,9.48,1.15,0.92,3.57,24.25,8.63
France,FRA,2015,9.16,8.89,9.47,1.15,0.73,3.58,24.13,8.45
France,FRA,2016,9.18,8.68,9.34,1.08,1.32,3.58,24.85,8.48
France,FRA,2017,8.95,8.65,9.14,0.99,1.11,3.59,25.02,8.76
French Polynesia,PYF,2014,16.85,4.25,12.84,1.09,1.6,3.37,8.42,14.01
French Polynesia,PYF,2015,16.73,4.26,12.66,1.09,1.5,2.73,9.02,13.7
French Polynesia,PYF,2016,16.24,6.22,12.69,1.09,1.4,2.27,8.85,13.55
French Polynesia,PYF,2017,16.2,6.27,12.63,1.06,0.81,2.3,9.34,13.8
Gabon,GAB,2014,11.01,2.72,2.78,0.49,8.19,0.22,3.06,10.2
Gabon,GAB,2015,11.64,2.78,3.39,0.33,8.26,0.29,3.03,9.62
Gabon,GAB,2016,10.62,2.61,2.33,0.28,8.04,0.28,2.81,9.27
Gabon,GAB,2017,10.59,2.67,2.52,0.27,7.37,0.27,2.72,8.42
Gambia,GMB,2014,1.14,0.09,0.89,0.24,0.33,0.21,5.03,7.51
Gambia,GMB,2015,1.15,0.1,1.09,0.25,0.34,0.15,4.66,7.77
Gambia,GMB,2016,1.17,0.18,1.08,0.27,0.34,0.17,4.08,7.95
Gambia,GMB,2017,1.24,0.09,1.06,0.27,0.34,0.41,4.3,8.6
Georgia,GEO,2014,4.83,2.46,2.85,0.28,0.05,1.88,13.77,2.24
Georgia,GEO,2015,4.93,2.37,2.62,0.28,0.21,1.92,13.36,1.78
Georgia,GEO,2016,5.01,2.29,2.36,0.29,0.05,1.71,12.8,2.28
Georgia,GEO,2017,5.19,2.44,2.42,0.29,0.11,1.79,12.66,2.28
Germany,DEU,2014,7.49,14.57,4.86,0.28,1.52,3.39,24.44,4.33
Germany,DEU,2015,7.56,14.28,5.08,0.28,1.48,3.47,24.84,4.17
Germany,DEU,2016,7.94,14.1,5.23,0.28,1.48,3.65,25.39,4.46
Germany,DEU,2017,7.96,13.89,5.34,0.28,1.22,3.56,25.12,4.3
Ghana,GHA,2014,2.64,0.31,0.48,0.7,1.46,0.32,0.63,7.37
Ghana,GHA,2015,1.97,0.35,0.45,0.7,1.47,0.35,0.72,8
Ghana,GHA,2016,1.69,0.33,0.44,0.68,1.3,0.35,0.77,8.52
Ghana,GHA,2017,2.26,0.36,0.44,0.67,1.44,0.34,0.74,8.33
Greece,GRC,2014,6.33,7.02,5.49,4.38,0.87,2.68,24.57,5.09
Greece,GRC,2015,6.25,6.97,5.15,2.94,0.77,2.59,24.01,4.9
Greece,GRC,2016,6.23,6.95,5.3,2.9,0.73,2.55,23.31,5.63
Greece,GRC,2017,6.32,7.02,5.61,3.34,0.75,2.68,23.29,5.68
Grenada,GRD,2014,14.43,3.33,1.5,0.51,0.45,2.63,8.13,8.78
Grenada,GRD,2015,15.05,4.09,2.15,0.54,0.19,2.62,7.84,8.85
Grenada,GRD,2016,14.71,3.09,2.11,0.63,0.06,2.63,7.52,8.04
Grenada,GRD,2017,15.5,3.27,1.57,0.52,0.86,2.63,9.29,8.43
Guatemala,GTM,2014,5.41,1.24,4.76,0.05,0.12,3.72,3.82,0.82
Guatemala,GTM,2015,5.99,1.24,4.91,0.05,0.12,3.8,4.04,0.81
Guatemala,GTM,2016,6.19,1.28,4.93,0.05,0.07,3.73,4.03,0.79
Guatemala,GTM,2017,6.11,1.25,4.69,0.05,0.07,3.66,4.11,0.78
Guinea,GIN,2014,0.79,0.05,2.74,0.64,0.27,0.55,2.05,3.27
Guinea,GIN,2015,0.9,0.05,2.74,0.66,0.26,0.54,2.13,3.11
Guinea,GIN,2016,1.2,0.06,2.66,0.69,0.26,0.53,2.29,3.1
Guinea,GIN,2017,1.42,0.06,2.64,0.69,0.25,0.53,1.83,3.02
Guinea-Bissau,GNB,2014,0.75,3.01,1.65,0.58,0,0.24,2.08,0.39
Guinea-Bissau,GNB,2015,0.76,3.04,1.66,0.58,0,0.29,2.07,0.38
Guinea-Bissau,GNB,2016,0.75,3.08,1.67,0.55,0,0.28,2.4,0.37
Guinea-Bissau,GNB,2017,0.74,3.14,1.55,0.54,0,0.24,1.93,0.36
Guyana,GUY,2014,12.42,0.79,1.28,0.47,0.07,0.41,14.24,8.24
Guyana,GUY,2015,12.43,0.79,1.27,0.48,0.07,0.46,15.31,8.19
Guyana,GUY,2016,12.23,0.79,1.34,0.43,0.07,0.34,14.98,8.15
Guyana,GUY,2017,12.33,0.82,1.38,0.43,0.02,0.51,14.98,8.11
Haiti,HTI,2014,2.01,1.21,1.6,0.3,0.21,0.12,1.53,1.57
Haiti,HTI,2015,2.34,1.27,1.6,0.29,0.2,0.11,1.64,1.65
Haiti,HTI,2016,2.85,1.3,1.59,0.29,0.2,0.12,1.5,1.34
Haiti,HTI,2017,2.75,1.33,1.58,0.28,0.2,0.13,1.69,1.32
Honduras,HND,2014,6.84,1.48,2.98,0.01,0.1,1.23,8.39,0.88
Honduras,HND,2015,6.91,1.58,3.13,0.01,0,1.18,8.6,0.87
Honduras,HND,2016,6.98,1.71,3.15,0.01,0,1.17,8.21,0.85
Honduras,HND,2017,6.98,1.69,3.01,0.01,0,1.18,7.86,0.84
Hong Kong,HKG,2014,22.28,16.35,10.31,0.69,1.9,5.54,8.98,16.41
Hong Kong,HKG,2015,15.95,17.51,10.36,0.54,1.81,5.56,9.09,18.23
Hong Kong,HKG,2016,17.99,17.97,10.47,0.31,1.59,5.8,8.96,17.11
Hong Kong,HKG,2017,22.26,17.92,10.66,0.48,1.51,5.86,8.8,16.96
Hungary,HUN,2014,9.89,11.32,1.4,0.05,0.28,3.93,15.83,1.61
Hungary,HUN,2015,9.61,12.76,1.27,0.05,0.15,4.04,16.52,1.71
Hungary,HUN,2016,9.66,13.54,1.36,0.05,0.24,4.1,17.12,1.69
Hungary,HUN,2017,9.8,14.01,1.4,0.05,0.2,4.23,17.26,1.82
Iceland,ISL,2014,10.94,5.21,6.08,7.41,1.52,2.94,33.44,26.97
Iceland,ISL,2015,11.32,5.26,5.83,7.44,1.41,3.02,35.67,26.83
Iceland,ISL,2016,11.75,5.36,5.69,7.48,1.38,3.3,35.38,26.67
Iceland,ISL,2017,12.33,5.5,6.02,7.51,1.67,3.43,35.28,26.5
India,IND,2014,0.67,0.07,0.28,0.18,0.04,0.82,8.79,1.84
India,IND,2015,0.71,0.07,0.29,0.18,0.05,0.85,9.3,1.9
India,IND,2016,0.73,0.07,0.29,0.18,0.05,0.9,9.76,1.93
India,IND,2017,0.75,0.07,0.28,0.18,0.05,0.95,10.21,2.03
Indonesia,IDN,2014,2.16,0.35,0.88,0.16,0,1.54,1.28,11.87
Indonesia,IDN,2015,2.23,0.38,0.84,0.16,0,1.65,1.29,12.1
Indonesia,IDN,2016,2.5,0.38,0.96,0.16,0,1.74,1.4,12.4
Indonesia,IDN,2017,2.42,0.38,1.03,0.18,0,1.76,1.49,13.95
Iran,IRN,2014,9.23,0,1.75,1.32,0.09,2.22,5.86,3.03
Iran,IRN,2015,9.08,0,1.94,1.01,0.07,2.15,4.77,3.1
Iran,IRN,2016,9.67,0,2.02,1.09,0.07,2.24,4.29,3.35
Iran,IRN,2017,9.8,0,2.31,1.2,0.07,2.17,4.94,3.35
Iraq,IRQ,2014,4.96,0.02,1.01,0.61,0.02,2.91,2.41,1.08
Iraq,IRQ,2015,4.46,0.03,0.85,0.57,0.04,1.8,3.41,0.69
Iraq,IRQ,2016,4.12,0.02,0.81,0.56,0.06,2.34,2.93,0.81
Iraq,IRQ,2017,5.37,0.05,0.91,0.55,0.1,2.77,2.73,0.9
Ireland,IRL,2014,10.37,8.12,10.24,1.13,0.84,2.91,24.71,5.93
Ireland,IRL,2015,11.51,7.89,10.86,1.16,1.77,2.81,26.34,6.23
Ireland,IRL,2016,12.07,7.13,8.15,1.16,2.65,2.82,22.76,6.32
Ireland,IRL,2017,11.6,7.58,8.22,1.17,0.12,2.97,20.52,6.96
Israel,ISR,2014,27.55,0.59,11.11,0.75,0,3.12,20.53,6.04
Israel,ISR,2015,27.48,0.43,10.83,0.72,0,3.13,19.47,5.84
Israel,ISR,2016,27.76,0.45,11.71,0.58,0,3.24,20.42,6.18
Israel,ISR,2017,27.87,0.39,11.72,0.6,0,3.13,20.46,6.57
Italy,ITA,2014,7.65,9.59,7.95,0.34,1.41,3.7,18.33,7.56
Italy,ITA,2015,7.68,10.21,6.97,0.31,0.96,3.53,17.99,7.77
Italy,ITA,2016,7.72,9.99,6.87,0.33,0.91,3.62,16.92,8.07
Italy,ITA,2017,7.83,11.44,6.37,0.3,0.81,3.67,17.12,8.06
Jamaica,JAM,2014,15.83,0.73,1.59,0.53,0.01,0.48,8.23,6.16
Jamaica,JAM,2015,16.13,0.73,1.64,0.45,0.01,0.45,8.28,6.1
Jamaica,JAM,2016,15.64,0.81,1.71,0.43,0.01,0.41,8.28,6.53
Jamaica,JAM,2017,15.71,0.74,1.52,0.4,0.02,0.57,8.38,7.08
Japan,JPN,2014,6.8,5.68,3.5,0.05,0.07,5.92,6.82,17.72
Japan,JPN,2015,6.79,5.56,3.35,0.05,0.06,5.98,6.96,17.41
Japan,JPN,2016,6.89,5.8,3.34,0.05,0.07,6.09,6.98,16.58
Japan,JPN,2017,7.24,6.01,3.63,0.05,0.06,6.18,7.11,16.58
Jordan,JOR,2014,10.09,0,1.41,1.89,0.04,1.14,6.56,1.52
Jordan,JOR,2015,10.09,0,1.75,1.79,0.04,1.12,6.72,1.53
Jordan,JOR,2016,10.02,0,2.14,1.82,0.04,1.02,6.66,1.6
Jordan,JOR,2017,10.1,0,2.41,1.77,0.02,1,6.61,1.56
Kazakhstan,KAZ,2014,6.09,2.44,9.16,3.48,2.34,2.41,24.76,1.31
Kazakhstan,KAZ,2015,6.08,2.22,9.21,3.47,2.31,2.53,24.42,1.29
Kazakhstan,KAZ,2016,5.77,2.11,9.19,3.47,2.37,2.52,24.29,1.27
Kazakhstan,KAZ,2017,6.18,2.06,9.6,3.45,2.42,2.53,24.44,1.25
Kenya,KEN,2014,0.19,0.07,3.63,0.79,0.78,0.37,6.73,1.15
Kenya,KEN,2015,0.21,0.11,3.9,0.77,0.83,0.39,6.68,1.1
Kenya,KEN,2016,0.21,0.05,4.13,0.66,0.85,0.41,7.34,1.14
Kenya,KEN,2017,0.23,0.05,4.5,0.69,0.85,0.38,6.59,1.11
Kiribati,KIR,2014,5.02,2.68,2.91,0.04,0.07,0.52,1.09,23.88
Kiribati,KIR,2015,5.47,2.91,1.8,0.04,0.07,0.51,1.89,24
Kiribati,KIR,2016,7.13,3.09,1.77,0.04,0.06,0.53,2.06,23.96
Kiribati,KIR,2017,6.65,3.03,1.55,0.02,0.07,0.6,0.89,23.81
Kuwait,KWT,2014,15.95,,4.27,5,0.15,4.49,13.49,3.55
Kuwait,KWT,2015,16.26,,4.37,4.94,0.09,4.23,14.1,3.41
Kuwait,KWT,2016,16.03,,3.58,4.93,0.09,4.9,13.9,3.31
Kuwait,KWT,2017,15.87,,3.65,4.78,0.08,5.37,13.28,3.23
Kyrgyzstan,KGZ,2014,1.22,1.63,6.26,3.19,0.66,1.35,18.83,0.84
Kyrgyzstan,KGZ,2015,1.23,0.91,5.92,3.2,0.63,1.19,18.78,0.51
Kyrgyzstan,KGZ,2016,1.33,0.82,5.96,3.22,0.64,1.16,19.13,0.33
Kyrgyzstan,KGZ,2017,1.08,0.85,5.66,3.25,0.66,1.27,19.31,0.34
Laos,LAO,2014,1.56,3.07,3.54,0.13,0.02,0.63,0.49,7.61
Laos,LAO,2015,1.65,3.14,3.94,0.13,0.03,0.55,0.43,7.08
Laos,LAO,2016,1.75,3.18,3.25,0.14,0.01,0.55,0.41,7.48
Laos,LAO,2017,3.59,3.15,3.09,0.14,0,0.56,0.44,7.54
Latvia,LVA,2014,7.21,9.28,1.79,0.13,0.33,3.99,16.04,7.44
Latvia,LVA,2015,7.03,9.92,1.94,0.13,0.55,4.02,17.65,7.53
Latvia,LVA,2016,7.01,10.28,1.99,0.14,0.64,3.33,18.1,7.62
Latvia,LVA,2017,7.22,10.81,2.11,0.14,0.63,3.66,20.34,7.71
Lebanon,LBN,2014,6.28,0.36,4.79,0.8,0.01,0.7,8.12,2.42
Lebanon,LBN,2015,4.64,0.34,4.56,0.68,0.01,0.68,7.43,2.15
Lebanon,LBN,2016,4.11,0.32,4.47,0.66,0.01,0.61,7.44,2.33
Lebanon,LBN,2017,3.9,0.32,4.55,0.64,0.01,0.62,7.39,2.29
Lesotho,LSO,2014,2.66,1.6,3.1,1.1,1.5,0.24,2.37,0.87
Lesotho,LSO,2015,3.08,1.45,1.18,0.26,1.71,0.26,2.27,0.43
Lesotho,LSO,2016,3.08,1.53,1.29,0.21,1.44,0.28,2.16,0.63
Lesotho,LSO,2017,2.72,1.42,1.38,0.2,1.87,0.27,2.3,0.55
Liberia,LBR,2014,3.4,1.55,0.36,0.2,1.09,0.54,0.37,2.02
Liberia,LBR,2015,3.77,1.53,0.4,0.18,1.08,0.64,0.34,1.85
Liberia,LBR,2016,3.75,1.57,0.33,0.18,0.98,0.52,0.36,1.69
Liberia,LBR,2017,3.74,1.56,0.24,0.17,0.93,0.35,0.26,1.65
Lithuania,LTU,2014,9.07,15.81,1.49,0.08,0.46,3.87,31.93,9.43
Lithuania,LTU,2015,9.2,16.35,1.51,0.07,0.59,3.68,30.02,9.56
Lithuania,LTU,2016,9.43,15.65,1.71,0.07,0.4,4.38,30.71,9.7
Lithuania,LTU,2017,9.74,15.99,1.89,0.07,0.48,4.42,32.69,9.85
Luxembourg,LUX,2014,7.79,11.23,10.95,0.69,0.9,4.53,22.34,8.78
Luxembourg,LUX,2015,7.11,11.12,10.36,0.69,0.87,4.47,23.51,8.88
Luxembourg,LUX,2016,7.2,11.22,10.89,0.58,0.84,4.83,21.54,8.83
Luxembourg,LUX,2017,7.19,11.03,10.43,0.5,0.88,4.91,22.51,8.4
Macao,MAC,2014,12.42,19.14,5.33,0.31,0.76,5.63,4.36,16.21
Macao,MAC,2015,12.13,19.05,5.17,0.28,0.76,5.54,4.12,16.09
Macao,MAC,2016,12.04,20.25,5.68,0.26,0.47,5.76,3.5,14.53
Macao,MAC,2017,11.9,18.65,6.47,0.28,1.53,5.34,5.32,14.31
Madagascar,MDG,2014,0.94,0.75,2.8,0.21,0.17,0.2,1.93,1.1
Madagascar,MDG,2015,0.94,0.76,2.66,0.21,0.16,0.18,1.94,1.36
Madagascar,MDG,2016,1.03,0.78,2.58,0.2,0.16,0.18,1.94,1.57
Madagascar,MDG,2017,0.97,0.77,2.54,0.19,0.16,0.19,1.99,1.53
Malawi,MWI,2014,1.24,1.73,0.93,0.92,0,0.32,0.44,2.32
Malawi,MWI,2015,1.39,2.08,0.97,0.99,0,0.3,0.42,2.7
Malawi,MWI,2016,1.03,2.6,0.92,1.08,0,0.32,0.36,2.89
Malawi,MWI,2017,1.74,2.91,0.99,1.1,0,0.32,0.36,2.82
Malaysia,MYS,2014,13.47,2.3,2.61,0.28,0.01,4.94,2.34,16.58
Malaysia,MYS,2015,13.51,2.36,2.82,0.28,0.01,5.28,2.3,16.7
Malaysia,MYS,2016,13.09,2.18,2.67,0.28,0,5.51,2.28,17.09
Malaysia,MYS,2017,12.95,2.14,2.55,0.29,0,5.64,2.41,16.67
Maldives,MDV,2014,4.5,0.29,2.44,0.24,0.14,3.61,7.63,48.12
Maldives,MDV,2015,4.59,0.27,3.51,0.24,0.12,3.46,7.88,45.46
Maldives,MDV,2016,5.13,0.26,2.85,0.24,0.22,3.9,7.03,42.52
Maldives,MDV,2017,4.7,0.29,2.61,0.34,0.14,3.45,7.91,29.55
Mali,MLI,2014,0.98,0.05,3.63,3.15,1.27,0.24,9.67,1.7
Mali,MLI,2015,0.89,0.04,3.72,3.13,1.26,0.24,7.99,1.85
Mali,MLI,2016,1.1,0.04,3.82,3.22,1.2,0.24,7.8,1.95
Mali,MLI,2017,0.96,0.05,3.9,3.41,1.2,0.2,9.64,2.25
Malta,MLT,2014,11.68,10.3,9.02,0.49,2.54,3.55,19.09,8.59
Malta,MLT,2015,11.7,8.74,7.34,0.49,2.47,3.32,19.11,8.53
Malta,MLT,2016,11.91,8.36,7.42,0.52,2.52,3.31,22.3,8.48
Malta,MLT,2017,12.68,8.83,7.91,0.5,2.64,3.74,21.4,8.44
Mauritania,MRT,2014,1.6,0,2.79,5.03,2.45,0.58,13.61,2.77
Mauritania,MRT,2015,1.61,0,2.79,5.04,2.45,0.5,11.99,2.66
Mauritania,MRT,2016,1.62,0,2.75,4.97,2.19,0.79,13.05,2.6
Mauritania,MRT,2017,1.59,0,2.77,5,2.18,0.72,12.73,2.61
Mauritius,MUS,2014,13.35,1.33,2.57,1.47,0.41,1.7,10.15,7.34
Mauritius,MUS,2015,13.43,1.13,2.67,1.47,0.42,1.77,9.97,7.33
Mauritius,MUS,2016,13.44,1.07,2.58,1.49,0.41,1.74,10.4,7.32
Mauritius,MUS,2017,13.06,1.09,2.59,1.5,0.42,1.82,10.19,7.3
Mexico,MEX,2014,8.66,4.51,5.89,0.36,0.33,5.2,10.13,4.53
Mexico,MEX,2015,8.79,4.83,5.7,0.36,0.35,5.27,10.68,4.72
Mexico,MEX,2016,9.03,4.93,5.7,0.35,0.35,5.32,10.93,4.85
Mexico,MEX,2017,9.26,5.07,5.75,0.35,0.35,5.34,10.63,4.35
Moldova,MDA,2014,5.26,5.17,0.71,0.08,0.08,2.38,11.4,3.35
Moldova,MDA,2015,5.21,5.92,0.6,0.08,0.08,2.3,11.24,2.88
Moldova,MDA,2016,5.35,5.92,0.66,0.08,0.08,2.31,11.44,3.13
Moldova,MDA,2017,5.53,6.27,0.68,0.08,0.08,2.33,11.44,3.24
Mongolia,MNG,2014,0.9,0.12,7.35,17.62,4.61,1,14.21,0.27
Mongolia,MNG,2015,0.92,0.07,8.71,17.67,4.88,1,15.37,0.17
Mongolia,MNG,2016,0.93,0.11,8.62,17.53,4.84,1.19,15.71,0.17
Mongolia,MNG,2017,0.95,0.13,8.65,17.97,4.94,1.28,16.1,0.17
Montenegro,MNE,2014,5.3,14.35,5.11,0.86,0.01,3.22,32.83,3.12
Montenegro,MNE,2015,5.45,14.65,5.16,0.72,0.01,3.59,29.22,3.18
Montenegro,MNE,2016,5.61,15.17,5.27,0.46,0.01,3.87,32.37,3.52
Montenegro,MNE,2017,5.79,14.11,5.42,0.8,0.03,3.53,33.88,3.76
Morocco,MAR,2014,7.12,0.01,2.79,1.83,0.84,1.76,4.88,5.55
Morocco,MAR,2015,6.98,0.01,2.82,1.85,0.86,1.82,4.96,6.66
Morocco,MAR,2016,7.16,0.01,2.84,1.86,0.86,1.72,5.03,6.7
Morocco,MAR,2017,7.29,0.01,2.87,1.88,0.84,1.94,4.97,6.37
Mozambique,MOZ,2014,0.94,1.59,0.25,0.37,0.01,0.56,1.54,3.16
Mozambique,MOZ,2015,1.13,1.32,0.26,0.27,0.01,0.55,1.5,3.55
Mozambique,MOZ,2016,1.14,1.36,0.31,0.28,0.04,0.57,1.49,3.43
Mozambique,MOZ,2017,1.2,1.34,0.26,0.28,0.01,0.56,1.6,3.33
Myanmar,MMR,2014,9.33,4.65,2.5,0.57,0,1.52,4.76,15.76
Myanmar,MMR,2015,10,4.84,2.71,0.66,0,1.51,5.89,16.13
Myanmar,MMR,2016,10.04,4.88,3.01,0.68,0,1.59,6.03,16.5
Myanmar,MMR,2017,9.93,5.33,3.16,0.77,0,1.59,6.02,16.39
Namibia,NAM,2014,4.44,1.32,2.43,1.21,2.47,0.48,5.59,3.63
Namibia,NAM,2015,4.02,1.4,2.24,1.28,2.44,0.45,5.85,3.56
Namibia,NAM,2016,4.41,1.41,2.36,1.39,2.51,0.41,5.68,3.5
Namibia,NAM,2017,4.25,1.41,2.37,1.33,2.58,0.4,5.75,3.43
Nepal,NPL,2014,0.52,0.2,2.67,0.92,0,0.38,5.06,0.82
Nepal,NPL,2015,0.54,0.21,2.66,0.94,0,0.38,5.05,0.86
Nepal,NPL,2016,0.65,0.25,2.65,1.01,0,0.56,5.29,0.85
Nepal,NPL,2017,0.67,0.26,2.68,1.02,0,0.58,5.55,0.84
Netherlands,NLD,2014,8.27,10.85,6.86,0.34,5.49,4.34,28.37,6.88
Netherlands,NLD,2015,9.36,10.48,6.74,0.35,4.98,4.19,27.21,6.86
Netherlands,NLD,2016,9.15,10.21,6.46,0.35,4.59,4.4,28.64,6.85
Netherlands,NLD,2017,8.48,11.15,6.38,0.35,1.54,4.41,28.86,6.83
New Caledonia,NCL,2014,14.48,4.98,6.52,0.65,0.03,2.74,12.03,6.72
New Caledonia,NCL,2015,14.5,5.6,6.52,0.28,0.07,2.8,10.62,6.63
New Caledonia,NCL,2016,14,4.85,6.53,0.65,0,2.97,11.43,6.56
New Caledonia,NCL,2017,14.05,4.74,5.99,0.64,0.02,2.8,12.06,6.49
New Zealand,NZL,2014,11.8,5.26,9,6.32,1.22,2.82,8.41,6.72
New Zealand,NZL,2015,11.87,5.4,8,6.33,1.11,2.86,8.48,6.59
New Zealand,NZL,2016,11.93,5.32,8.26,6.36,1.19,3.02,7.39,6.63
New Zealand,NZL,2017,12.02,5.34,7.97,6.36,1.22,3.05,8.06,6.64
Nicaragua,NIC,2014,6.94,1.12,1.69,0,0.19,1.33,7.81,1.6
Nicaragua,NIC,2015,6.51,1.31,1.58,0,0.18,1.4,7.99,1.38
Nicaragua,NIC,2016,6.71,1.45,0.86,0,0.15,1.68,8.07,1.63
Nicaragua,NIC,2017,6.91,1.48,1.5,0,0.15,1.48,7.84,1.61
Niger,NER,2014,0.48,0.02,3.07,0.64,1.15,0.08,5.14,0.78
Niger,NER,2015,0.43,0.02,2.97,0.83,1.14,0.08,5.64,0.52
Niger,NER,2016,0.35,0.02,2.82,0.82,1.11,0.07,5.59,0.61
Niger,NER,2017,0.32,0.02,2.69,0.99,1.1,0.07,5.69,0.59
Nigeria,NGA,2014,0.33,0.43,0.83,0.8,0.46,1,0.84,3.64
Nigeria,NGA,2015,0.33,0.45,0.81,0.8,0.46,0.72,0.73,3.21
Nigeria,NGA,2016,0.33,0.45,0.76,0.77,0.45,0.72,0.63,2.73
Nigeria,NGA,2017,0.31,0.44,0.75,0.77,0.45,0.71,0.67,2.66
North Korea,PRK,2014,0.61,1.29,0.31,0.24,2.88,1.51,0.33,2.94
North Korea,PRK,2015,0.57,1.32,0.3,0.24,2.97,1.46,0.32,3.09
North Korea,PRK,2016,0.53,1.35,0.3,0.24,3.18,1.46,0.34,3.11
North Korea,PRK,2017,0.49,1.48,0.3,0.24,2.82,1.45,0.35,3.09
North Macedonia,MKD,2014,6.3,2.87,3.16,0.34,0.11,1.69,14.03,1.58
North Macedonia,MKD,2015,6.62,2.99,3.17,0.29,0.1,1.61,14.6,1.66
North Macedonia,MKD,2016,6.36,3.09,3.02,0.21,0.03,1.55,14.75,1.61
North Macedonia,MKD,2017,7.01,3.08,3.04,0.2,0.08,1.65,14.65,1.59
Norway,NOR,2014,7.7,6.09,6.5,1.78,0.39,3.58,22.64,14.42
Norway,NOR,2015,7.75,6.27,7.2,1.79,0.38,3.54,22.21,14.41
Norway,NOR,2016,7.77,6.25,7.21,1.79,0.37,3.59,21.79,14.91
Norway,NOR,2017,7.81,6.09,7.05,1.8,0.37,3.62,21.52,14.77
Oman,OMN,2014,8.45,0,4.65,4.56,0.83,2.24,15.1,7.2
Oman,OMN,2015,7.78,0,3.79,4.08,0.94,2.48,15.56,7.49
Oman,OMN,2016,7.19,0,3.31,4.46,0.93,2.36,15.28,7.6
Oman,OMN,2017,7.38,0,3.44,4.37,0.92,2.41,14.68,7.78
Pakistan,PAK,2014,1.63,0,2.86,0.93,0.04,0.9,18.78,0.59
Pakistan,PAK,2015,1.73,0,2.88,0.93,0.04,0.91,19.08,0.6
Pakistan,PAK,2016,1.85,0,2.92,0.94,0.04,0.95,19.27,0.59
Pakistan,PAK,2017,1.97,0,2.98,0.95,0.04,0.99,19.46,0.55
Panama,PAN,2014,9.68,3.46,8.08,0.01,1.2,1.63,12.09,5.2
Panama,PAN,2015,9.86,3.53,7.56,0.01,1.23,1.59,11.91,5.11
Panama,PAN,2016,10.1,3.93,6.96,0.01,1.25,1.6,11.29,5.02
Panama,PAN,2017,10.34,3.81,6.56,0.01,1.13,1.64,11.72,4.94
Paraguay,PRY,2014,2.12,9.68,5.71,0.24,0.06,5.44,7.04,1.25
Paraguay,PRY,2015,2.14,9.71,4.71,0.23,0.02,3.28,6.8,1.22
Paraguay,PRY,2016,1.91,9.77,5.73,0.22,0.02,3.27,6.73,1.18
Paraguay,PRY,2017,1.8,9.9,7.09,0.22,0.02,3.29,6.72,1.25
Peru,PER,2014,6.56,1.46,2.71,0.39,0.49,2.33,5.25,6.74
Peru,PER,2015,6.32,1.58,2.73,0.37,0.49,2.37,5.22,7.46
Peru,PER,2016,6.46,1.6,2.75,0.37,0.48,2.41,5.27,7.58
Peru,PER,2017,6.71,1.67,2.75,0.35,0.48,2.43,5.36,7.3
Philippines,PHL,2014,4.2,5.14,1.64,0.23,0.04,1.13,1.3,8.68
Philippines,PHL,2015,4.36,5.31,1.61,0.23,0.05,1.13,1.25,8.8
Philippines,PHL,2016,4.61,5.53,1.69,0.23,0.05,1.22,2.22,8.44
Philippines,PHL,2017,4.65,5.46,1.73,0.23,0.05,1.28,2.04,8.32
Poland,POL,2014,11.12,17.35,1.43,0.01,0.05,2.44,13.76,5.5
Poland,POL,2015,11.39,18.48,1.11,0.01,0.04,2.27,13.87,5.51
Poland,POL,2016,11.63,18.45,1.46,0.01,0.04,2.31,13.82,5.51
Poland,POL,2017,12.14,18.78,1.44,0.01,0.05,2.11,14.18,5.52
Portugal,PRT,2014,12.5,11.31,7.42,0.71,0.87,2.73,17.75,13.51
Portugal,PRT,2015,12.33,11.6,7.42,0.78,0.82,2.56,18.38,13.37
Portugal,PRT,2016,12.54,11.21,7.57,0.81,0.99,2.58,18.28,15.38
Portugal,PRT,2017,12.74,11.33,7.81,0.81,0.95,2.67,18,15.43
Romania,ROU,2014,7.19,8.26,2.79,1.29,0.53,4.46,24.3,1.65
Romania,ROU,2015,7.26,8.96,2.97,1.32,0.46,4.39,24.42,1.66
Romania,ROU,2016,7.57,9.44,2.96,1.35,0.31,4.34,24.48,1.67
Romania,ROU,2017,7.91,9.34,2.12,1.38,0.19,4.47,23.36,1.68
Russia,RUS,2014,9.68,6.57,6.72,0.52,1.56,4.5,17.14,7.43
Russia,RUS,2015,9.97,6.54,5.99,0.51,1.73,4.52,16.32,6.6
Russia,RUS,2016,9.87,6.91,5.66,0.51,1.8,4.59,16.23,6.66
Russia,RUS,2017,10.44,7.24,5.63,0.51,1.85,4.7,16.63,6.62
Rwanda,RWA,2014,0.47,0.28,1.11,0.78,0.84,0.11,1.79,1.66
Rwanda,RWA,2015,0.45,0.35,1.26,0.8,0.85,0.11,2.01,2.3
Rwanda,RWA,2016,0.5,0.38,1.04,0.78,0.84,0.12,2.01,2.57
Rwanda,RWA,2017,0.5,0.39,1.01,0.81,0.84,0.11,1.99,2.51
Saint Kitts and Nevis,KNA,2014,20.17,2.63,5.06,0.62,2.21,1.13,5.45,8.17
Saint Kitts and Nevis,KNA,2015,20.04,2.99,3.93,0.67,2.19,0.98,6.24,8.1
Saint Kitts and Nevis,KNA,2016,18.73,2.52,4.1,0.61,2.34,1.22,8.2,8.03
Saint Kitts and Nevis,KNA,2017,19.22,3.43,4.73,0.69,2.21,1.2,7.93,7.97
Saint Lucia,LCA,2014,21.02,7.61,2.53,1.31,0.08,1.06,7.6,9.12
Saint Lucia,LCA,2015,21.2,7.52,2.29,1.32,0.1,0.99,7.88,9.12
Saint Lucia,LCA,2016,20.31,7.39,2.93,1.32,0,1.05,8.13,8.86
Saint Lucia,LCA,2017,19,7.73,3.09,1.34,0,1,8.29,9.4
Saint Vincent and the Grenadines,VCT,2014,25.29,3.39,3.15,0.36,0.01,1.48,8.4,5.3
Saint Vincent and the Grenadines,VCT,2015,25.43,3.47,3.88,0.37,0.01,1.48,8.32,5.29
Saint Vincent and the Grenadines,VCT,2016,25.06,3.43,3.24,0.33,0.02,1.55,9.11,5.27
Saint Vincent and the Grenadines,VCT,2017,25.1,2.88,3.73,0.37,0.04,1.32,8.65,5.26
Samoa,WSM,2014,21.18,6.24,4.24,1.64,0.01,0.72,3.92,12.52
Samoa,WSM,2015,21.43,5.89,4.27,1.64,0.01,0.63,4.62,12.47
Samoa,WSM,2016,21.98,5.56,3.84,1.91,0.01,0.72,4.9,12.74
Samoa,WSM,2017,21.88,5.49,4.06,1.81,0.01,0.69,4.79,12.65
Sao Tome and Principe,STP,2014,3.29,1.5,0.51,0.01,0.04,0.85,2,9.17
Sao Tome and Principe,STP,2015,3.43,1.42,0.57,0.01,0.01,0.59,1.52,9
Sao Tome and Principe,STP,2016,3.35,1.43,0.65,0.02,0.01,0.2,1.9,8.83
Sao Tome and Principe,STP,2017,3.21,1.29,0.68,0.02,0,0.2,1.58,8.67
Saudi Arabia,SAU,2014,15.96,,2.29,2.35,0.57,1.56,11.03,3.38
Saudi Arabia,SAU,2015,16.06,,2.33,2.28,0.58,1.82,11.68,3.13
Saudi Arabia,SAU,2016,15.85,0.06,1.31,1.94,0.6,1.88,11.33,3.2
Saudi Arabia,SAU,2017,15.57,0.06,1.7,1.9,0.59,1.96,11.2,3.04
Senegal,SEN,2014,1.5,0.33,2.12,1.22,0.31,0.5,1.28,5.51
Senegal,SEN,2015,1.5,0.34,1.88,1.29,0.3,0.49,1.42,4.72
Senegal,SEN,2016,1.55,0.31,1.97,1.09,0.29,0.45,1.41,5.22
Senegal,SEN,2017,1.61,0.31,2,1.09,0.28,0.47,1.31,5.08
Serbia,SRB,2014,3.89,10.36,3.35,1.22,0.11,2.96,14.82,2
Serbia,SRB,2015,3.61,9.95,3.41,1.22,0.11,3.19,15.12,1.69
Serbia,SRB,2016,3.12,10.17,3.36,1.22,0.12,2.88,15.03,1.46
Serbia,SRB,2017,3.5,10.48,2.73,1.18,0.11,2.78,15.63,1.86
Sierra Leone,SLE,2014,1.18,0.24,0.65,0.21,0.78,0.46,2.16,8.08
Sierra Leone,SLE,2015,1.44,0.38,0.57,0.21,0.76,0.5,2.13,7.68
Sierra Leone,SLE,2016,1.36,0.23,0.59,0.2,0.73,0.52,2.19,7.48
Sierra Leone,SLE,2017,1.24,0.28,0.55,0.2,0.73,0.4,2.12,7.32
Slovakia,SVK,2014,4.61,8.06,1.8,0.05,0.92,3.55,9.83,2.36
Slovakia,SVK,2015,4.66,7.85,1.8,0.06,1.03,3.26,9.41,2.63
Slovakia,SVK,2016,4.73,9.72,1.87,0.05,0.65,3.52,10.85,2.53
Slovakia,SVK,2017,4.74,9.83,2.05,0.05,0.7,3.87,10.39,2.64
Slovenia,SVN,2014,8.72,8.56,6.98,0.32,0.16,2.84,19.65,3.08
Slovenia,SVN,2015,8.52,8.05,7.28,0.32,0.11,2.67,19.24,3.04
Slovenia,SVN,2016,8.54,8.72,7.28,0.32,0.13,2.93,19.14,3.08
Slovenia,SVN,2017,8.72,8.87,7.08,0.32,0.19,2.97,19.65,3.25
Solomon Islands,SLB,2014,1.59,1.36,1.35,0.03,0,0.35,0.81,12.08
Solomon Islands,SLB,2015,1.9,1.47,0.79,0.03,0.02,0.35,0.65,11.33
Solomon Islands,SLB,2016,2.13,1.59,0.84,0.03,0,0.33,0.65,10.73
Solomon Islands,SLB,2017,1.51,1.38,1.31,0.03,0,0.34,1.14,9.78
South Africa,ZAF,2014,14.01,1.14,6.94,1.23,0.32,2.25,4.59,2
South Africa,ZAF,2015,13.64,1.17,7.28,1.12,0.33,2.53,5,1.8
South Africa,ZAF,2016,14.35,1.14,7.23,1.11,0.33,2.29,4.87,1.65
South Africa,ZAF,2017,14.11,1.12,6.64,1,0.34,2.07,4.94,1.62
South Korea,KOR,2014,5.46,9.33,5.03,0.05,0.1,3.13,2.84,15.42
South Korea,KOR,2015,5.52,10.03,5.17,0.05,0.09,3.14,3.02,16.28
South Korea,KOR,2016,5.56,10.36,5.6,0.05,0.08,3.15,2.84,16.25
South Korea,KOR,2017,5.68,10.59,5.78,0.05,0.07,3.24,3.19,16.21
Spain,ESP,2014,11.91,12.74,4.84,0.83,0.73,3.76,13.66,12.8
Spain,ESP,2015,12.06,13.19,4.88,0.73,0.68,3.77,13.99,12.95
Spain,ESP,2016,12.3,13.34,5.03,0.71,0.65,3.88,15.05,12.47
Spain,ESP,2017,12.47,13.84,5.02,0.68,0.7,4.31,15.58,12.34
Sri Lanka,LKA,2014,2.01,0.02,0.46,0.03,0,1.37,3.13,9.36
Sri Lanka,LKA,2015,2.3,0.02,0.5,0.03,0,0.96,3.61,9.62
Sri Lanka,LKA,2016,2.53,0.02,0.49,0.03,0,0.93,4.12,9.7
Sri Lanka,LKA,2017,2.64,0.01,0.45,0.04,0,1.31,4.13,9.65
Sudan,SDN,2014,0.52,0,3.68,3.4,1.31,0.36,11.67,0.3
Sudan,SDN,2015,0.52,0,3.62,3.35,1.29,0.37,11.74,0.31
Sudan,SDN,2016,0.54,0,3.32,3.25,1.26,0.37,11.42,0.31
Sudan,SDN,2017,0.54,0,3.11,3.17,1.25,0.35,11.16,0.31
Suriname,SUR,2014,10.54,2.37,3.6,0.04,0.07,1.15,3.81,4.88
Suriname,SUR,2015,10.36,2.24,2.82,0.02,0.09,1.43,3.92,4.82
Suriname,SUR,2016,10.02,2.24,1.88,0.02,0.1,2.02,4.5,4.78
Suriname,SUR,2017,9.27,2.13,2.09,0.02,0.12,1.71,4.29,4.73
Sweden,SWE,2014,7.11,11.39,9.45,0.46,0.76,4.12,27.78,9.07
Sweden,SWE,2015,7.1,11.16,9.93,0.47,0.76,3.99,27.6,8.64
Sweden,SWE,2016,7.25,11.09,9.59,0.47,0.72,4.28,26.03,8.35
Sweden,SWE,2017,7.09,10.89,9.37,0.47,0.7,4.26,25.11,8.55
Switzerland,CHE,2014,6.6,8.35,7.37,0.52,0.8,3.23,28.63,4.36
Switzerland,CHE,2015,6.57,8.06,7.19,0.52,0.69,3.24,28.2,4.42
Switzerland,CHE,2016,6.55,7.93,7.14,0.51,0.69,3.18,27.58,4.5
Switzerland,CHE,2017,6.49,7.83,6.91,0.51,0.65,3.2,26.99,4.33
Taiwan,TWN,2014,11.09,11.14,2.21,0.36,0.02,3.84,3.92,8.46
Taiwan,TWN,2015,10.97,11.81,2.16,0.36,0.02,4.07,4.03,8.24
Taiwan,TWN,2016,10.95,11.36,2.45,0.35,0.02,4.26,4.11,7.75
Taiwan,TWN,2017,11.01,11.48,2.52,0.34,0.02,4.13,4.19,7.73
Tajikistan,TJK,2014,1.47,0.26,2.14,2.11,0,0.5,5.42,0.16
Tajikistan,TJK,2015,1.43,0.21,2.12,2.25,0,0.56,5.6,0.14
Tajikistan,TJK,2016,1.26,0.12,2.23,2.24,0,0.5,5.41,0.1
Tajikistan,TJK,2017,1.45,0.08,2.38,2.25,0,0.72,5.42,0.1
Tanzania,TZA,2014,0.64,0.09,2.36,0.51,0.24,0.15,3.8,2.06
Tanzania,TZA,2015,0.63,0.08,2.36,0.45,0.23,0.14,3.79,2.38
Tanzania,TZA,2016,0.63,0.08,2.28,0.44,0.23,0.15,3.55,2.28
Tanzania,TZA,2017,0.63,0.08,2.18,0.45,0.23,0.1,3.44,2.22
Thailand,THA,2014,5.42,3.86,0.81,0.02,0.03,3.97,2.49,7.94
Thailand,THA,2015,4.59,3.82,0.81,0.02,0.03,3.82,2.73,7.95
Thailand,THA,2016,4.22,3.77,0.84,0.02,0.04,3.49,2.47,9.21
Thailand,THA,2017,4.35,3.69,0.84,0.02,0.06,3.89,2.49,10.11
Timor,TLS,2014,1.36,2.73,0.56,0.16,7.65,0.54,0.69,2
Timor,TLS,2015,1.47,2.85,0.63,0.18,7.51,0.64,0.73,1.76
Timor,TLS,2016,1.49,2.81,0.57,0.18,7.37,0.65,0.71,1.83
Timor,TLS,2017,1.46,2.86,0.55,0.17,7.23,0.25,0.32,2.25
Togo,TGO,2014,2.26,0.53,0.68,0.62,0.43,0.23,0.99,2.96
Togo,TGO,2015,2.29,0.47,0.71,0.65,0.44,0.26,1.05,3.42
Togo,TGO,2016,2.35,0.42,0.71,0.63,0.4,0.27,0.97,3.21
Togo,TGO,2017,2.39,0.42,0.7,0.63,0.39,0.27,0.94,3.14
Trinidad and Tobago,TTO,2014,17.16,2.79,2.18,1.17,0.27,1.39,10.14,6.8
Trinidad and Tobago,TTO,2015,17.7,2.34,2.83,1.17,0.02,1.15,9.99,6.44
Trinidad and Tobago,TTO,2016,16.6,2.23,2.51,1.14,0.69,1.5,10.13,5.88
Trinidad and Tobago,TTO,2017,16.63,2.19,2.43,0.96,0.78,1.26,10.1,6.87
Tunisia,TUN,2014,6.25,0,2.28,2.06,0.1,2.37,11.01,3.85
Tunisia,TUN,2015,6.25,0,2.23,2.06,0.1,2.63,12.09,3.53
Tunisia,TUN,2016,6.25,0,2.2,2.05,0.1,2.33,12.18,3.57
Tunisia,TUN,2017,6.28,0,2.24,2.03,0.1,2.25,10.86,3.53
Turkey,TUR,2014,6.57,0,5.42,1.62,0.01,2.34,17.33,1.43
Turkey,TUR,2015,6.65,0,5.65,1.69,0.01,2.39,17.05,1.52
Turkey,TUR,2016,6.82,0,5.71,1.71,0.01,2.32,16.51,1.41
Turkey,TUR,2017,6.99,0,5.93,1.81,0.01,2.34,16.48,1.39
Turkmenistan,TKM,2014,1.46,0.38,11.59,9.18,0,2.11,12.34,1.07
Turkmenistan,TKM,2015,1.47,0.24,11.18,9.19,0.01,2.14,13.68,1.06
Turkmenistan,TKM,2016,1.54,0.15,10.97,9.35,0.02,2.11,13.71,0.93
Turkmenistan,TKM,2017,1.53,0.11,11.7,9.61,0,2.08,13.67,0.87
Uganda,UGA,2014,0.53,0.87,2.12,0.48,0,0.29,3.16,4.31
Uganda,UGA,2015,0.5,0.86,1.94,0.45,0,0.25,3.31,3.7
Uganda,UGA,2016,0.53,0.87,1.74,0.46,0,0.26,3.37,3.5
Uganda,UGA,2017,0.51,0.85,1.65,0.44,0,0.25,3.19,3.37
Ukraine,UKR,2014,7.67,5.12,3.5,0.15,0.26,5.5,12.82,3.38
Ukraine,UKR,2015,7.17,4.86,3.16,0.11,0.25,4.59,13.02,2.54
Ukraine,UKR,2016,7.44,4.97,3.06,0.11,0.22,4.27,12.8,2.82
Ukraine,UKR,2017,7.58,4.92,2.8,0.11,0.23,4.23,13.1,3.15
United Arab Emirates,ARE,2014,14.99,,3.47,3.16,1,2.76,12.8,6.53
United Arab Emirates,ARE,2015,15.1,,3.51,3.17,0.97,2.93,12.72,6.49
United Arab Emirates,ARE,2016,15.67,,3.44,3.17,0.99,3.08,13.26,6.42
United Arab Emirates,ARE,2017,14.8,,3.25,3.17,0.98,2.21,11.77,6.34
United Kingdom,GBR,2014,12.12,6.91,6.36,1.48,1.47,3.3,18.48,5.34
United Kingdom,GBR,2015,13.4,7.08,6.47,1.61,1.53,3.43,18.63,5.3
United Kingdom,GBR,2016,14.03,7.36,6.51,1.52,1.54,3.46,18.1,5.27
United Kingdom,GBR,2017,13.77,7.47,6.49,1.43,1.17,3.48,18.39,5.24
United States,USA,2014,18.34,7.42,12.69,0.17,0.4,4.37,22.07,5.27
United States,USA,2015,19.56,7.96,11.93,0.18,0.4,4.28,22.31,5.27
United States,USA,2016,19.91,8.02,12.23,0.17,0.4,4.43,22.37,5.23
United States,USA,2017,19.93,8.05,12.58,0.19,0.4,4.56,22.47,5.43
Uruguay,URY,2014,3.62,4.33,11.81,0.78,0.39,3.2,20.54,2.58
Uruguay,URY,2015,3.27,4.52,11.15,0.65,0.41,3,20.43,2.46
Uruguay,URY,2016,3.33,4.82,8.9,0.71,0.38,3.12,17.95,2.48
Uruguay,URY,2017,2.97,5.02,10.89,0.64,0.36,3.24,18.44,2.65
Uzbekistan,UZB,2014,0.58,0.29,10.68,1.53,0.57,1.68,19.08,0.56
Uzbekistan,UZB,2015,0.6,0.3,11.13,1.56,0.34,1.8,20.6,0.67
Uzbekistan,UZB,2016,0.61,0.28,10.83,1.57,0.15,1.51,20.4,0.68
Uzbekistan,UZB,2017,0.63,0.28,10.91,1.59,0.05,1.93,19.78,0.67
Vanuatu,VUT,2014,3.84,4.47,4.54,0.12,0.42,0.97,2.14,9.38
Vanuatu,VUT,2015,3.9,4.41,4.78,0.12,0.04,0.91,1.98,9.13
Vanuatu,VUT,2016,3.85,4.53,4.5,0.12,0.04,0.85,2.1,8.89
Vanuatu,VUT,2017,4.05,4.41,3.94,0.12,0.05,0.78,2.05,8.67
Venezuela,VEN,2014,13.86,1.69,8.06,0.1,0.02,1.17,8.31,3.07
Venezuela,VEN,2015,10.84,1.65,5.99,0.09,0.02,1.13,7.33,2.44
Venezuela,VEN,2016,7.47,1.5,4.94,0.07,0.02,1.04,6.23,2.94
Venezuela,VEN,2017,7.23,1.32,4.69,0.07,0.02,0.98,7.1,2.98
Vietnam,VNM,2014,4.4,10.92,4.1,0.07,0.06,1.11,1.54,8.52
Vietnam,VNM,2015,5.08,11.12,4.14,0.07,0.05,1.21,2.12,9.73
Vietnam,VNM,2016,4.48,11.4,4.01,0.06,0.07,1.27,2.14,9.95
Vietnam,VNM,2017,4.01,11.43,4.28,0.08,0.08,1.38,1.96,10.34
Yemen,YEM,2014,3.89,0,1.68,2.02,0.04,0.6,3.6,1.68
Yemen,YEM,2015,3.17,0,1.71,1.87,0.04,0.52,2.57,1.5
Yemen,YEM,2016,3.19,0,1.64,1.66,0.03,0.48,2.72,1.21
Yemen,YEM,2017,3.04,0,1.64,1.62,0.04,0.46,2.09,1
Zambia,ZMB,2014,1.07,0.56,1.96,0.25,1.25,0.68,1.32,3.09
Zambia,ZMB,2015,1.1,0.52,1.95,0.25,1.23,0.68,1.22,3.59
Zambia,ZMB,2016,1.15,0.52,1.96,0.24,1.2,0.69,1.07,3.55
Zambia,ZMB,2017,1.15,0.58,1.96,0.24,1.17,0.69,1.22,3.56
Zimbabwe,ZWE,2014,1.53,0.58,2.93,0.66,1.24,0.55,2.53,1.01
Zimbabwe,ZWE,2015,1.59,0.54,2.93,0.6,1.23,0.53,2.28,1.14
Zimbabwe,ZWE,2016,1.6,0.55,2.93,0.64,1.26,0.53,2.35,1.13
Zimbabwe,ZWE,2017,1.59,0.56,2.78,0.65,1.24,0.52,2.47,1.11
