Entity,Code,Year,biomass_mean_region
Atlantic Ocean tunas,,1970,1.79
Atlantic Ocean tunas,,1971,1.695
Atlantic Ocean tunas,,1972,1.655
Atlantic Ocean tunas,,1973,1.67
Atlantic Ocean tunas,,1974,1.67
Atlantic Ocean tunas,,1975,1.615
Atlantic Ocean tunas,,1976,1.64
Atlantic Ocean tunas,,1977,1.61
Atlantic Ocean tunas,,1978,1.58
Atlantic Ocean tunas,,1979,1.57
Atlantic Ocean tunas,,1980,1.545
Atlantic Ocean tunas,,1981,1.515
Atlantic Ocean tunas,,1982,1.48
Atlantic Ocean tunas,,1983,1.405
Atlantic Ocean tunas,,1984,1.34
Atlantic Ocean tunas,,1985,1.34
Atlantic Ocean tunas,,1986,1.32
Atlantic Ocean tunas,,1987,1.23
Atlantic Ocean tunas,,1988,1.15
Atlantic Ocean tunas,,1989,1.135
Atlantic Ocean tunas,,1990,1.21
Atlantic Ocean tunas,,1991,1.18
Atlantic Ocean tunas,,1992,1.125
Atlantic Ocean tunas,,1993,1.12
Atlantic Ocean tunas,,1994,1.06
Atlantic Ocean tunas,,1995,1.04
Atlantic Ocean tunas,,1996,0.9885
Atlantic Ocean tunas,,1997,0.961
Atlantic Ocean tunas,,1998,0.9325
Atlantic Ocean tunas,,1999,0.9129999999999999
Atlantic Ocean tunas,,2000,0.851
Atlantic Ocean tunas,,2001,0.8290000000000001
Atlantic Ocean tunas,,2002,0.838
Atlantic Ocean tunas,,2003,0.8385
Atlantic Ocean tunas,,2004,0.7965
Atlantic Ocean tunas,,2005,0.8
Atlantic Ocean tunas,,2006,0.8140000000000001
Atlantic Ocean tunas,,2007,0.7859999999999999
Atlantic Ocean tunas,,2008,0.823
Atlantic Ocean tunas,,2009,0.8809999999999999
Atlantic Ocean tunas,,2010,0.904
Atlantic Ocean tunas,,2011,1.12
Atlantic Ocean tunas,,2012,1.14
Atlantic Ocean tunas,,2013,1.15
Atlantic Ocean tunas,,2014,1.135
Australia,AUS,1970,2.29500324306199
Australia,AUS,1971,2.12604647455105
Australia,AUS,1972,2.0844397329822497
Australia,AUS,1973,2.5253184124408103
Australia,AUS,1974,2.01615985998167
Australia,AUS,1975,2.0844397329822497
Australia,AUS,1976,2.0844397329822497
Australia,AUS,1977,2.17040468144421
Australia,AUS,1978,2.1139298116982
Australia,AUS,1979,2.0693997868854197
Australia,AUS,1980,2.6791878092794197
Australia,AUS,1981,2.4442328574185295
Australia,AUS,1982,2.32500198632494
Australia,AUS,1983,2.15667605066341
Australia,AUS,1984,1.99804487034715
Australia,AUS,1985,1.93556790403375
Australia,AUS,1986,2.39738514816552
Australia,AUS,1987,2.26299775120815
Australia,AUS,1988,2.51899993411527
Australia,AUS,1989,2.44367509100344
Australia,AUS,1990,2.2234140637209303
Australia,AUS,1991,2.17819208276389
Australia,AUS,1992,2.17819208276389
Australia,AUS,1993,1.62247149068891
Australia,AUS,1994,1.55733577390943
Australia,AUS,1995,1.5810214891019698
Australia,AUS,1996,1.7528620053169999
Australia,AUS,1997,1.46373012815131
Australia,AUS,1998,1.27421389659923
Australia,AUS,1999,1.21711797336364
Australia,AUS,2000,1.35886978092071
Australia,AUS,2001,1.4181854631438
Australia,AUS,2002,1.5197746797013798
Australia,AUS,2003,1.61323675893435
Australia,AUS,2004,1.5471517564880202
Australia,AUS,2005,1.4208699653088603
Australia,AUS,2006,1.4077293424700401
Australia,AUS,2007,1.27003614611858
Australia,AUS,2008,1.4818841239601201
Australia,AUS,2009,1.38776839624539
Australia,AUS,2010,1.39615785721339
Australia,AUS,2011,1.17905670894824
Australia,AUS,2012,1.1015335433989
Australia,AUS,2013,1.3466825030953002
Australia,AUS,2014,1.34889589238488
Australia,AUS,2015,1.74571003538099
Australia,AUS,2016,1.96971091319127
Australia,AUS,2017,2.32593295836669
Canada East Coast,,1970,1.1510788921503101
Canada East Coast,,1971,1.2660987201793799
Canada East Coast,,1972,1.145
Canada East Coast,,1973,1.06
Canada East Coast,,1974,0.996
Canada East Coast,,1975,1.0340163961039002
Canada East Coast,,1976,0.9820757251908392
Canada East Coast,,1977,1.000155
Canada East Coast,,1978,1.16730769230769
Canada East Coast,,1979,1.05651259455458
Canada East Coast,,1980,1.12842867462945
Canada East Coast,,1981,1.14
Canada East Coast,,1982,1.12
Canada East Coast,,1983,1.21624134199134
Canada East Coast,,1984,1.13899351606248
Canada East Coast,,1985,1.15
Canada East Coast,,1986,1.1634501836403799
Canada East Coast,,1987,1.1370664077755
Canada East Coast,,1988,0.9840801458712549
Canada East Coast,,1989,0.885374618796673
Canada East Coast,,1990,0.924875081168831
Canada East Coast,,1991,0.715391257815953
Canada East Coast,,1992,0.726305545521182
Canada East Coast,,1993,0.692520327668752
Canada East Coast,,1994,0.514445914741413
Canada East Coast,,1995,0.547545691675815
Canada East Coast,,1996,0.566346051199635
Canada East Coast,,1997,0.589347025024089
Canada East Coast,,1998,0.544335931850721
Canada East Coast,,1999,0.644555573807047
Canada East Coast,,2000,0.7287936215587429
Canada East Coast,,2001,0.665025475022954
Canada East Coast,,2002,0.661453455936541
Canada East Coast,,2003,0.520661601660467
Canada East Coast,,2004,0.6858124180589209
Canada East Coast,,2005,0.551423032183016
Canada East Coast,,2006,0.649
Canada East Coast,,2007,0.8526610169491519
Canada East Coast,,2008,0.809676371632323
Canada East Coast,,2009,0.732692307692308
Canada East Coast,,2010,0.8835085825935021
Canada East Coast,,2011,1.1181922781373999
Canada East Coast,,2012,1.1922407592435802
Canada East Coast,,2013,1.06124552325581
Canada East Coast,,2014,1.0011351744186
Canada East Coast,,2015,0.44071847010178106
Canada East Coast,,2016,0.21311925820004898
Canada East Coast,,2017,0.22170662037037
Canada East Coast,,2018,0.26022916666666696
Canada West Coast,,1970,1.02722733666054
Canada West Coast,,1971,1.4729950900163702
Canada West Coast,,1972,1.5166393889798102
Canada West Coast,,1973,2.17515588946136
Canada West Coast,,1974,2.18616257096019
Canada West Coast,,1975,2.14882793373694
Canada West Coast,,1976,2.04125118386134
Canada West Coast,,1977,1.93157394411127
Canada West Coast,,1978,1.67470384075539
Canada West Coast,,1979,1.6421167484997299
Canada West Coast,,1980,1.65848336061102
Canada West Coast,,1981,1.53846153846154
Canada West Coast,,1982,1.56573922531369
Canada West Coast,,1983,1.47745672109563
Canada West Coast,,1984,1.5111838516093798
Canada West Coast,,1985,1.53024298870132
Canada West Coast,,1986,1.52209492635025
Canada West Coast,,1987,1.58210583742499
Canada West Coast,,1988,1.63120567375887
Canada West Coast,,1989,1.66939443535188
Canada West Coast,,1990,1.5202964582576
Canada West Coast,,1991,1.46881287726358
Canada West Coast,,1992,1.5643063583815
Canada West Coast,,1993,1.48390616475723
Canada West Coast,,1994,1.32947976878613
Canada West Coast,,1995,1.06218670977807
Canada West Coast,,1996,1.1271676300578002
Canada West Coast,,1997,1.17203219315895
Canada West Coast,,1998,1.17203219315895
Canada West Coast,,1999,1.06644178665534
Canada West Coast,,2000,1.05065567424221
Canada West Coast,,2001,0.965521505005227
Canada West Coast,,2002,1.05346508463338
Canada West Coast,,2003,1.10457220866873
Canada West Coast,,2004,0.858967246279542
Canada West Coast,,2005,0.7746863066012
Canada West Coast,,2006,0.8912534132959041
Canada West Coast,,2007,0.900472056194324
Canada West Coast,,2008,0.8950575573488601
Canada West Coast,,2009,1.23002791399511
Canada West Coast,,2010,0.981424318758184
Canada West Coast,,2011,1.06119765559922
Canada West Coast,,2012,1.1827329988787099
Canada West Coast,,2013,1.1794966223253898
Canada West Coast,,2014,1.30912225577225
Canada West Coast,,2015,1.12790224284573
Canada West Coast,,2016,1.1123136404236298
Canada West Coast,,2017,1.00771272184442
Canada West Coast,,2018,1.14715992654657
Europe-EU NE Atl,,1970,1.7933333333333399
Europe-EU NE Atl,,1971,1.68852459016393
Europe-EU NE Atl,,1972,1.6919623059867002
Europe-EU NE Atl,,1973,1.59051948051948
Europe-EU NE Atl,,1974,1.74
Europe-EU NE Atl,,1975,1.44
Europe-EU NE Atl,,1976,1.32
Europe-EU NE Atl,,1977,1.2828571428571398
Europe-EU NE Atl,,1978,1.1761040420267
Europe-EU NE Atl,,1979,1.23133181633907
Europe-EU NE Atl,,1980,1.32539461467038
Europe-EU NE Atl,,1981,1.37511348897536
Europe-EU NE Atl,,1982,1.3941391050583702
Europe-EU NE Atl,,1983,1.41801218856426
Europe-EU NE Atl,,1984,1.32824355971897
Europe-EU NE Atl,,1985,1.3241123534405002
Europe-EU NE Atl,,1986,1.27055555555555
Europe-EU NE Atl,,1987,1.1937039614175702
Europe-EU NE Atl,,1988,1.34
Europe-EU NE Atl,,1989,1.15
Europe-EU NE Atl,,1990,1.14322191272052
Europe-EU NE Atl,,1991,1.16923359269959
Europe-EU NE Atl,,1992,1.08181571815719
Europe-EU NE Atl,,1993,1.15315315315315
Europe-EU NE Atl,,1994,1.16642857142857
Europe-EU NE Atl,,1995,1.08260869565217
Europe-EU NE Atl,,1996,1.03
Europe-EU NE Atl,,1997,0.992
Europe-EU NE Atl,,1998,1.03326256192498
Europe-EU NE Atl,,1999,0.965510204081632
Europe-EU NE Atl,,2000,0.919607843137255
Europe-EU NE Atl,,2001,0.9947830188679251
Europe-EU NE Atl,,2002,0.9875213214830769
Europe-EU NE Atl,,2003,0.9724489795918371
Europe-EU NE Atl,,2004,0.935858666242241
Europe-EU NE Atl,,2005,0.91920634920635
Europe-EU NE Atl,,2006,0.914023261136425
Europe-EU NE Atl,,2007,0.975842011445726
Europe-EU NE Atl,,2008,1.00731707317073
Europe-EU NE Atl,,2009,1.0965517241379301
Europe-EU NE Atl,,2010,1.17916666666667
Europe-EU NE Atl,,2011,1.18222222222222
Europe-EU NE Atl,,2012,1.23462643678161
Europe-EU NE Atl,,2013,1.1957156083669398
Europe-EU NE Atl,,2014,1.21692307692308
Europe-EU NE Atl,,2015,1.3294620502172099
Europe-EU NE Atl,,2016,1.4864864864864902
Europe-EU NE Atl,,2017,1.4620689655172399
Europe-EU NE Atl,,2018,1.57659090909091
Europe-Mediterranean,,1970,1.38644366197183
Europe-Mediterranean,,1971,1.3556338028169
Europe-Mediterranean,,1972,1.3952464788732402
Europe-Mediterranean,,1973,1.3974471830985902
Europe-Mediterranean,,1974,1.35783450704225
Europe-Mediterranean,,1975,1.33582746478873
Europe-Mediterranean,,1976,1.21919014084507
Europe-Mediterranean,,1977,1.1337755299855
Europe-Mediterranean,,1978,1.27627190807111
Europe-Mediterranean,,1979,1.26986624704957
Europe-Mediterranean,,1980,1.2653676967193401
Europe-Mediterranean,,1981,1.28362056372973
Europe-Mediterranean,,1982,1.3115433494031898
Europe-Mediterranean,,1983,1.2231543866512802
Europe-Mediterranean,,1984,0.966873175270424
Europe-Mediterranean,,1985,0.757879743260379
Europe-Mediterranean,,1986,0.8214988066913721
Europe-Mediterranean,,1987,0.8973615991968141
Europe-Mediterranean,,1988,0.9896894176557129
Europe-Mediterranean,,1989,0.913029391147703
Europe-Mediterranean,,1990,0.941901408450704
Europe-Mediterranean,,1991,0.955105633802817
Europe-Mediterranean,,1992,0.873679577464789
Europe-Mediterranean,,1993,0.9357217859585569
Europe-Mediterranean,,1994,1.0676558877712
Europe-Mediterranean,,1995,1.1616546103459902
Europe-Mediterranean,,1996,1.0418684341401498
Europe-Mediterranean,,1997,0.985826132674759
Europe-Mediterranean,,1998,0.908320902737877
Europe-Mediterranean,,1999,0.947284769141231
Europe-Mediterranean,,2000,0.9575
Europe-Mediterranean,,2001,0.9690000000000001
Europe-Mediterranean,,2002,1.24033901786947
Europe-Mediterranean,,2003,1.07237630029198
Europe-Mediterranean,,2004,1.1248705020991998
Europe-Mediterranean,,2005,1.03225139558973
Europe-Mediterranean,,2006,1.23988364715072
Europe-Mediterranean,,2007,1.21520271079726
Europe-Mediterranean,,2008,1.21707438297474
Europe-Mediterranean,,2009,1.20675232520036
Europe-Mediterranean,,2010,1.23374558488375
Europe-Mediterranean,,2011,1.17630323460003
Europe-Mediterranean,,2012,1.1015469201486998
Europe-Mediterranean,,2013,1.0809740625497999
Europe-Mediterranean,,2014,1.05950417620223
Europe-Mediterranean,,2015,1
Europe-non-EU NE Atl,,1970,2.02973832246203
Europe-non-EU NE Atl,,1971,1.83897796482584
Europe-non-EU NE Atl,,1972,1.76
Europe-non-EU NE Atl,,1973,1.8308853915860501
Europe-non-EU NE Atl,,1974,2.00059591559778
Europe-non-EU NE Atl,,1975,2.36587155600955
Europe-non-EU NE Atl,,1976,2.11239857741118
Europe-non-EU NE Atl,,1977,1.71125
Europe-non-EU NE Atl,,1978,1.63623932305258
Europe-non-EU NE Atl,,1979,2.06
Europe-non-EU NE Atl,,1980,1.94972310924754
Europe-non-EU NE Atl,,1981,1.90979189892234
Europe-non-EU NE Atl,,1982,1.7729720264413602
Europe-non-EU NE Atl,,1983,1.64164076522348
Europe-non-EU NE Atl,,1984,1.79486056997767
Europe-non-EU NE Atl,,1985,1.34
Europe-non-EU NE Atl,,1986,1.1782477341389699
Europe-non-EU NE Atl,,1987,1.2294058408861999
Europe-non-EU NE Atl,,1988,1.5
Europe-non-EU NE Atl,,1989,1.27283925272018
Europe-non-EU NE Atl,,1990,1.5365757562491797
Europe-non-EU NE Atl,,1991,1.53695652173913
Europe-non-EU NE Atl,,1992,1.1011281496993899
Europe-non-EU NE Atl,,1993,1.02719033232628
Europe-non-EU NE Atl,,1994,1.2869565217391299
Europe-non-EU NE Atl,,1995,1.1335128508253403
Europe-non-EU NE Atl,,1996,1.16058423456952
Europe-non-EU NE Atl,,1997,1.21454688711622
Europe-non-EU NE Atl,,1998,1.3268070655942499
Europe-non-EU NE Atl,,1999,1.3495468277945601
Europe-non-EU NE Atl,,2000,1.30120621159349
Europe-non-EU NE Atl,,2001,1.34968781470292
Europe-non-EU NE Atl,,2002,1.51942307692308
Europe-non-EU NE Atl,,2003,1.4795407309181101
Europe-non-EU NE Atl,,2004,1.6836140041201397
Europe-non-EU NE Atl,,2005,1.7390017181181299
Europe-non-EU NE Atl,,2006,1.8166275504893201
Europe-non-EU NE Atl,,2007,1.78725705392417
Europe-non-EU NE Atl,,2008,1.81121599226485
Europe-non-EU NE Atl,,2009,1.78629566205287
Europe-non-EU NE Atl,,2010,1.7499740248731899
Europe-non-EU NE Atl,,2011,1.7757279408323798
Europe-non-EU NE Atl,,2012,1.84834464532711
Europe-non-EU NE Atl,,2013,1.85634406826316
Europe-non-EU NE Atl,,2014,1.78658014968905
Europe-non-EU NE Atl,,2015,1.8180999144578502
Europe-non-EU NE Atl,,2016,1.79617777777778
Europe-non-EU NE Atl,,2017,1.75909090909091
Europe-non-EU NE Atl,,2018,1.98842222222222
Indian Ocean tunas,,1970,2.155
Indian Ocean tunas,,1971,2.14
Indian Ocean tunas,,1972,2.15
Indian Ocean tunas,,1973,2.155
Indian Ocean tunas,,1974,2.165
Indian Ocean tunas,,1975,2.4
Indian Ocean tunas,,1976,2.4
Indian Ocean tunas,,1977,2.4
Indian Ocean tunas,,1978,2.4
Indian Ocean tunas,,1979,2.4
Indian Ocean tunas,,1980,2.22
Indian Ocean tunas,,1981,2.4
Indian Ocean tunas,,1982,2.4
Indian Ocean tunas,,1983,2.4
Indian Ocean tunas,,1984,2.55
Indian Ocean tunas,,1985,2.5
Indian Ocean tunas,,1986,2.17
Indian Ocean tunas,,1987,2.23
Indian Ocean tunas,,1988,2.21
Indian Ocean tunas,,1989,2.05
Indian Ocean tunas,,1990,2.1
Indian Ocean tunas,,1991,2.18
Indian Ocean tunas,,1992,1.97
Indian Ocean tunas,,1993,1.9
Indian Ocean tunas,,1994,1.75
Indian Ocean tunas,,1995,1.67
Indian Ocean tunas,,1996,1.59
Indian Ocean tunas,,1997,1.46
Indian Ocean tunas,,1998,1.57
Indian Ocean tunas,,1999,1.57
Indian Ocean tunas,,2000,1.56
Indian Ocean tunas,,2001,1.49
Indian Ocean tunas,,2002,1.47
Indian Ocean tunas,,2003,1.47
Indian Ocean tunas,,2004,1.44
Indian Ocean tunas,,2005,1.38
Indian Ocean tunas,,2006,1.35
Indian Ocean tunas,,2007,1.17
Indian Ocean tunas,,2008,1.1
Indian Ocean tunas,,2009,1.17
Indian Ocean tunas,,2010,1.08
Indian Ocean tunas,,2011,1.14
Indian Ocean tunas,,2012,1.26
Indian Ocean tunas,,2013,0.9440000000000001
Indian Ocean tunas,,2014,0.909
Indian Ocean tunas,,2015,0.91
Indian Ocean tunas,,2016,0.69
Japan,JPN,1970,0.243934490536432
Japan,JPN,1971,0.3111650485436889
Japan,JPN,1972,0.28526037069726395
Japan,JPN,1973,0.585192263588411
Japan,JPN,1974,0.7028820426572889
Japan,JPN,1975,0.685754147236449
Japan,JPN,1976,0.7727978334557621
Japan,JPN,1977,0.5828282828282829
Japan,JPN,1978,0.578739000232676
Japan,JPN,1979,0.58592799787077
Japan,JPN,1980,0.68791795912611
Japan,JPN,1981,0.635144120470696
Japan,JPN,1982,0.42114156965828003
Japan,JPN,1983,0.558628124761655
Japan,JPN,1984,0.585425783883063
Japan,JPN,1985,0.46456692913385794
Japan,JPN,1986,0.38188976377952794
Japan,JPN,1987,0.46075818638346205
Japan,JPN,1988,0.571296632620998
Japan,JPN,1989,0.732586660008813
Japan,JPN,1990,0.7907012386079619
Japan,JPN,1991,0.768706127763492
Japan,JPN,1992,0.7362204724409449
Japan,JPN,1993,0.7120474390795849
Japan,JPN,1994,0.605504587155963
Japan,JPN,1995,0.402753872633391
Japan,JPN,1996,0.4339710768703379
Japan,JPN,1997,0.436913255726624
Japan,JPN,1998,0.58518391871537
Japan,JPN,1999,0.5646939964363299
Japan,JPN,2000,0.599040858271505
Japan,JPN,2001,0.506251437212123
Japan,JPN,2002,0.481927710843373
Japan,JPN,2003,0.5949367088607591
Japan,JPN,2004,0.5505182702576271
Japan,JPN,2005,0.61103209336251
Japan,JPN,2006,0.566666666666667
Japan,JPN,2007,0.584571643152191
Japan,JPN,2008,0.509466437177281
Japan,JPN,2009,0.6064516129032261
Japan,JPN,2010,0.599552062657583
Japan,JPN,2011,0.574412532637076
Japan,JPN,2012,0.537859007832898
Japan,JPN,2013,0.50117066550424
Japan,JPN,2014,0.5487634783541661
Japan,JPN,2015,0.654512306289881
Japan,JPN,2016,0.687910857473091
Japan,JPN,2017,0.629924442431192
Japan,JPN,2018,0.7673661133730041
New Zealand,NZL,1970,2.49330643119625
New Zealand,NZL,1971,2.4954004008324797
New Zealand,NZL,1972,2.4524855197829503
New Zealand,NZL,1973,2.46742051331533
New Zealand,NZL,1974,2.4526243758342
New Zealand,NZL,1975,2.4065883031918
New Zealand,NZL,1976,2.33895584502248
New Zealand,NZL,1977,2.23712296980426
New Zealand,NZL,1978,2.1904254768163
New Zealand,NZL,1979,2.12568463440846
New Zealand,NZL,1980,2.11864406779661
New Zealand,NZL,1981,2.05811138014528
New Zealand,NZL,1982,2.01170298627926
New Zealand,NZL,1983,1.95106120344189
New Zealand,NZL,1984,1.8889140271493199
New Zealand,NZL,1985,1.84507177072806
New Zealand,NZL,1986,1.76952488687783
New Zealand,NZL,1987,1.67398805428214
New Zealand,NZL,1988,1.5969845580535302
New Zealand,NZL,1989,1.5677045619116599
New Zealand,NZL,1990,1.40513475200822
New Zealand,NZL,1991,1.38770759657997
New Zealand,NZL,1992,1.37554463188471
New Zealand,NZL,1993,1.32638088685142
New Zealand,NZL,1994,1.3180910063086002
New Zealand,NZL,1995,1.47065377244975
New Zealand,NZL,1996,1.44230769230769
New Zealand,NZL,1997,1.3518099547511297
New Zealand,NZL,1998,1.30980112576578
New Zealand,NZL,1999,1.2556561085972902
New Zealand,NZL,2000,1.24
New Zealand,NZL,2001,1.2103849403201699
New Zealand,NZL,2002,1.12373545913394
New Zealand,NZL,2003,0.947970977503919
New Zealand,NZL,2004,1.06609311245593
New Zealand,NZL,2005,1.1039598077071
New Zealand,NZL,2006,1.04042292624899
New Zealand,NZL,2007,0.991723484157947
New Zealand,NZL,2008,0.95068330362448
New Zealand,NZL,2009,1.03459908194636
New Zealand,NZL,2010,1.1380145278450402
New Zealand,NZL,2011,1.1223346554852
New Zealand,NZL,2012,1.1439293231416798
New Zealand,NZL,2013,1.15617433414044
New Zealand,NZL,2014,1.21686905957898
New Zealand,NZL,2015,1.4542087613963703
Pacific Ocean tunas,,1970,2.08
Pacific Ocean tunas,,1971,2.315
Pacific Ocean tunas,,1972,1.94
Pacific Ocean tunas,,1973,1.89
Pacific Ocean tunas,,1974,1.76
Pacific Ocean tunas,,1975,1.805
Pacific Ocean tunas,,1976,1.675
Pacific Ocean tunas,,1977,1.66
Pacific Ocean tunas,,1978,1.645
Pacific Ocean tunas,,1979,1.57
Pacific Ocean tunas,,1980,1.58
Pacific Ocean tunas,,1981,1.61
Pacific Ocean tunas,,1982,1.53
Pacific Ocean tunas,,1983,1.75
Pacific Ocean tunas,,1984,1.68
Pacific Ocean tunas,,1985,1.775
Pacific Ocean tunas,,1986,1.9
Pacific Ocean tunas,,1987,2.01
Pacific Ocean tunas,,1988,2.005
Pacific Ocean tunas,,1989,1.75
Pacific Ocean tunas,,1990,1.695
Pacific Ocean tunas,,1991,1.595
Pacific Ocean tunas,,1992,1.51
Pacific Ocean tunas,,1993,1.56
Pacific Ocean tunas,,1994,1.47
Pacific Ocean tunas,,1995,1.39
Pacific Ocean tunas,,1996,1.58
Pacific Ocean tunas,,1997,1.37
Pacific Ocean tunas,,1998,1.43
Pacific Ocean tunas,,1999,1.51
Pacific Ocean tunas,,2000,1.39
Pacific Ocean tunas,,2001,1.49
Pacific Ocean tunas,,2002,1.42
Pacific Ocean tunas,,2003,1.34
Pacific Ocean tunas,,2004,1.21
Pacific Ocean tunas,,2005,1.22
Pacific Ocean tunas,,2006,1.26
Pacific Ocean tunas,,2007,1.25
Pacific Ocean tunas,,2008,1.27
Pacific Ocean tunas,,2009,1.42
Pacific Ocean tunas,,2010,1.25
Pacific Ocean tunas,,2011,1.37
Pacific Ocean tunas,,2012,1.365
Pacific Ocean tunas,,2013,1.48
Pacific Ocean tunas,,2014,1.485
Pacific Ocean tunas,,2015,1.44
Pacific Ocean tunas,,2016,1.0590000000000002
South Africa,ZAF,1970,1.04
South Africa,ZAF,1971,1.12495680345573
South Africa,ZAF,1972,1.1272354211663
South Africa,ZAF,1973,1.1317494600431999
South Africa,ZAF,1974,0.9487221840224029
South Africa,ZAF,1975,0.8463509355541301
South Africa,ZAF,1976,0.7662363104864269
South Africa,ZAF,1977,0.646379361341697
South Africa,ZAF,1978,0.579113960518886
South Africa,ZAF,1979,0.514913935166156
South Africa,ZAF,1980,0.52
South Africa,ZAF,1981,0.55
South Africa,ZAF,1982,0.61
South Africa,ZAF,1983,0.68
South Africa,ZAF,1984,0.646487552193971
South Africa,ZAF,1985,0.7041452288852091
South Africa,ZAF,1986,0.840120674864875
South Africa,ZAF,1987,0.7758491478260321
South Africa,ZAF,1988,0.7391225609466942
South Africa,ZAF,1989,0.646716044003921
South Africa,ZAF,1990,0.723054679186983
South Africa,ZAF,1991,0.759781266066322
South Africa,ZAF,1992,0.8645187296586941
South Africa,ZAF,1993,0.838972969024896
South Africa,ZAF,1994,0.8490566037735849
South Africa,ZAF,1995,0.8153638814016171
South Africa,ZAF,1996,0.795148247978437
South Africa,ZAF,1997,0.8584156866798821
South Africa,ZAF,1998,0.893087665729328
South Africa,ZAF,1999,1.01695662871105
South Africa,ZAF,2000,1.00113827543089
South Africa,ZAF,2001,0.9714676279907
South Africa,ZAF,2002,0.9525623933912759
South Africa,ZAF,2003,0.966950092500573
South Africa,ZAF,2004,0.829193470452283
South Africa,ZAF,2005,0.7581788173927221
South Africa,ZAF,2006,0.612116630669546
South Africa,ZAF,2007,0.5985421166306689
South Africa,ZAF,2008,0.625086393088553
South Africa,ZAF,2009,0.7347855717430921
South Africa,ZAF,2010,0.736580545254492
South Africa,ZAF,2011,0.692391233881676
South Africa,ZAF,2012,0.7207116449127099
South Africa,ZAF,2013,0.5105831533477321
South Africa,ZAF,2014,0.43801709078990003
South Africa,ZAF,2015,1.2133760944817802
South Africa,ZAF,2016,0.926039685358928
South Africa,ZAF,2017,0.989943293536285
South Africa,ZAF,2018,1.06111949441386
South America,,1970,1.31359670281801
South America,,1971,1.67393045835455
South America,,1972,1.31505089095495
South America,,1973,1.06308969941042
South America,,1974,0.9838408325747899
South America,,1975,0.962955385213657
South America,,1976,1.12608370852241
South America,,1977,1.0874982150844499
South America,,1978,1.6407442345087901
South America,,1979,1.4548358559898
South America,,1980,1.37539476262057
South America,,1981,1.3690968135106498
South America,,1982,1.32
South America,,1983,1.18965013229882
South America,,1984,1.15987460815047
South America,,1985,1.40059559260698
South America,,1986,1.37236199225848
South America,,1987,1.3711200000000001
South America,,1988,1.30787703729676
South America,,1989,1.2466572610828701
South America,,1990,1.21883009007655
South America,,1991,1.12921400834172
South America,,1992,1.12000517762117
South America,,1993,1.04938994651617
South America,,1994,1.2422543039061498
South America,,1995,1.1416679058918702
South America,,1996,1.19820551776212
South America,,1997,1.17304169712063
South America,,1998,1.1831095543880101
South America,,1999,1.02967
South America,,2000,1.0341598418218
South America,,2001,0.8903670110618069
South America,,2002,0.873097025383189
South America,,2003,0.86305022
South America,,2004,0.93926
South America,,2005,0.900976047472183
South America,,2006,0.9559801148644219
South America,,2007,0.9243506024844781
South America,,2008,0.88285
South America,,2009,0.86
South America,,2010,0.8539290340000001
South America,,2011,0.840296314384861
South America,,2012,0.836469165
South America,,2013,0.876066573
South America,,2014,0.849155454903495
South America,,2015,0.884691279275708
South America,,2016,0.7273757605335841
South America,,2017,0.7729520725299449
South America,,2018,0.769915
US Alaska,,1970,1.07144645271116
US Alaska,,1971,1.07144645271116
US Alaska,,1972,0.946277474590697
US Alaska,,1973,0.80909227457067
US Alaska,,1974,0.721974665798828
US Alaska,,1975,0.734582308767365
US Alaska,,1976,0.7300488569943391
US Alaska,,1977,0.8349946023193181
US Alaska,,1978,1.15800203007081
US Alaska,,1979,1.28548064136466
US Alaska,,1980,1.2004438656668601
US Alaska,,1981,1.36818671037431
US Alaska,,1982,1.40657084188912
US Alaska,,1983,1.5475863751410401
US Alaska,,1984,1.5451998754946898
US Alaska,,1985,1.5709156193895901
US Alaska,,1986,1.5709156193895901
US Alaska,,1987,1.5709156193895901
US Alaska,,1988,1.5922896113633898
US Alaska,,1989,1.6681129261902201
US Alaska,,1990,1.6598413357865
US Alaska,,1991,1.6341322424296298
US Alaska,,1992,1.72291462509015
US Alaska,,1993,1.68377823408624
US Alaska,,1994,1.82751540041068
US Alaska,,1995,1.65237354966901
US Alaska,,1996,1.7790331913296398
US Alaska,,1997,1.65342502444956
US Alaska,,1998,1.5765750924794497
US Alaska,,1999,1.5655681116503601
US Alaska,,2000,1.4841702794978797
US Alaska,,2001,1.52629751594392
US Alaska,,2002,1.7926186291739898
US Alaska,,2003,1.7311072056239
US Alaska,,2004,1.7915811088295701
US Alaska,,2005,1.6759452563210402
US Alaska,,2006,1.73764039111656
US Alaska,,2007,1.80201423991346
US Alaska,,2008,1.8212999998781
US Alaska,,2009,1.76879961741588
US Alaska,,2010,1.9463536281248102
US Alaska,,2011,1.85384890250752
US Alaska,,2012,1.8078323647961598
US Alaska,,2013,1.7660284247045401
US Alaska,,2014,1.78985163491976
US Alaska,,2015,1.78383128295255
US Northeast Coast,,1970,0.807987711213518
US Northeast Coast,,1971,0.908629587476552
US Northeast Coast,,1972,0.895963422746652
US Northeast Coast,,1973,0.614070351758794
US Northeast Coast,,1974,0.574874371859296
US Northeast Coast,,1975,0.5554703485771589
US Northeast Coast,,1976,0.8196581483302391
US Northeast Coast,,1977,1.16436251920123
US Northeast Coast,,1978,1.07857142857143
US Northeast Coast,,1979,0.684285714285714
US Northeast Coast,,1980,0.921676825558227
US Northeast Coast,,1981,1.01382488479263
US Northeast Coast,,1982,0.9185867895545309
US Northeast Coast,,1983,0.814132104454685
US Northeast Coast,,1984,0.8537932544921741
US Northeast Coast,,1985,0.623655913978495
US Northeast Coast,,1986,0.627145799954223
US Northeast Coast,,1987,0.613065326633166
US Northeast Coast,,1988,0.6507972838941021
US Northeast Coast,,1989,0.565669145412691
US Northeast Coast,,1990,0.584924623115578
US Northeast Coast,,1991,0.5816880641565071
US Northeast Coast,,1992,0.551134689065723
US Northeast Coast,,1993,0.527744812457295
US Northeast Coast,,1994,0.515158053727479
US Northeast Coast,,1995,0.51044776119403
US Northeast Coast,,1996,0.6530861371786071
US Northeast Coast,,1997,0.4747006149530689
US Northeast Coast,,1998,0.574431218924213
US Northeast Coast,,1999,0.556592039800995
US Northeast Coast,,2000,0.6644010500953
US Northeast Coast,,2001,0.705373808822085
US Northeast Coast,,2002,0.6455209120005749
US Northeast Coast,,2003,0.62234269124517
US Northeast Coast,,2004,0.60597380166893
US Northeast Coast,,2005,0.6587880753214671
US Northeast Coast,,2006,0.6719232084265261
US Northeast Coast,,2007,0.719620476327852
US Northeast Coast,,2008,0.8850415578311179
US Northeast Coast,,2009,0.9918364232852671
US Northeast Coast,,2010,0.960295475530933
US Northeast Coast,,2011,0.9373478279217958
US Northeast Coast,,2012,0.9842093878433921
US Northeast Coast,,2013,0.9949748743718589
US Northeast Coast,,2014,0.839246204318303
US Northeast Coast,,2015,0.876381909547739
US Northeast Coast,,2016,0.839195979899497
US Southeast Coast,,1970,2.25979560319474
US Southeast Coast,,1971,2.24212329751183
US Southeast Coast,,1972,2.18873546095227
US Southeast Coast,,1973,2.16868160201685
US Southeast Coast,,1974,2.15435741706297
US Southeast Coast,,1975,2.13169306874303
US Southeast Coast,,1976,2.0664248982346
US Southeast Coast,,1977,1.71959188352631
US Southeast Coast,,1978,1.6950775945768501
US Southeast Coast,,1979,1.6488135732987
US Southeast Coast,,1980,1.5964964735456597
US Southeast Coast,,1981,1.5361687492835001
US Southeast Coast,,1982,1.3871374527112201
US Southeast Coast,,1983,1.26664639091646
US Southeast Coast,,1984,1.33649491989146
US Southeast Coast,,1985,1.37122554914707
US Southeast Coast,,1986,1.25297989536804
US Southeast Coast,,1987,1.15328943919642
US Southeast Coast,,1988,1.13907263215277
US Southeast Coast,,1989,1.03182835617186
US Southeast Coast,,1990,0.9926204365902671
US Southeast Coast,,1991,0.993898907974752
US Southeast Coast,,1992,1.01801801801802
US Southeast Coast,,1993,0.9520086123859709
US Southeast Coast,,1994,0.9365229922948749
US Southeast Coast,,1995,0.9014083597624231
US Southeast Coast,,1996,0.8659461438801409
US Southeast Coast,,1997,0.9240959336451771
US Southeast Coast,,1998,0.854955013027015
US Southeast Coast,,1999,0.9487225715804429
US Southeast Coast,,2000,0.9996686591060642
US Southeast Coast,,2001,1.01540026600772
US Southeast Coast,,2002,0.9821616271519721
US Southeast Coast,,2003,1.0010092212794202
US Southeast Coast,,2004,1.0290168859422
US Southeast Coast,,2005,1.1269132197891298
US Southeast Coast,,2006,1.05394773503835
US Southeast Coast,,2007,1.08629441624365
US Southeast Coast,,2008,1.1167512690355301
US Southeast Coast,,2009,1.04180602006689
US Southeast Coast,,2010,1.03557601307752
US Southeast Coast,,2011,1.05795159843168
US Southeast Coast,,2012,1.03515625
US Southeast Coast,,2013,1.13323850165955
US Southeast Coast,,2014,1.3669225560208798
US Southeast Coast,,2015,1.62456686538248
US Southeast Coast,,2016,1.4952602181215302
US Southeast Coast,,2017,2.01340247422879
US West Coast,,1970,2.12900945619577
US West Coast,,1971,2.14387751106119
US West Coast,,1972,2.1429051122171
US West Coast,,1973,2.04572803850782
US West Coast,,1974,2.08634062092553
US West Coast,,1975,2.06895444908448
US West Coast,,1976,2.10372679276657
US West Coast,,1977,2.06796116504854
US West Coast,,1978,1.9166666666666698
US West Coast,,1979,1.95286407766991
US West Coast,,1980,1.76
US West Coast,,1981,1.82742405621218
US West Coast,,1982,1.7935136139763999
US West Coast,,1983,1.5859640675313702
US West Coast,,1984,1.62686567164179
US West Coast,,1985,1.57693580908243
US West Coast,,1986,1.4029850746268702
US West Coast,,1987,1.3955223880596999
US West Coast,,1988,1.4143426294820702
US West Coast,,1989,1.41938311622123
US West Coast,,1990,1.3665048543689298
US West Coast,,1991,1.34845234446828
US West Coast,,1992,1.19343434328366
US West Coast,,1993,1.05938109841093
US West Coast,,1994,1.0344002074891099
US West Coast,,1995,1.1414695879249699
US West Coast,,1996,1.1229382400035302
US West Coast,,1997,1.1584375305766201
US West Coast,,1998,1.29969136939918
US West Coast,,1999,1.31971530322087
US West Coast,,2000,1.23819482481037
US West Coast,,2001,1.2903853520975301
US West Coast,,2002,1.4174365764844001
US West Coast,,2003,1.40840831803545
US West Coast,,2004,1.31560283687943
US West Coast,,2005,1.4822695035461
US West Coast,,2006,1.4774645240879198
US West Coast,,2007,1.46066000184576
US West Coast,,2008,1.48784803726843
US West Coast,,2009,1.5215631633222197
US West Coast,,2010,1.3512293478588
US West Coast,,2011,1.30519479113397
US West Coast,,2012,1.43521874123467
US West Coast,,2013,1.46986850789461
US West Coast,,2014,1.364971298892
US West Coast,,2015,1.38833266586571
US West Coast,,2016,1.6985377389001701
West Africa,,1995,1.48477779241709
West Africa,,1996,1.81875597877555
West Africa,,1997,1.24506586465425
West Africa,,1998,0.8898391984524681
West Africa,,1999,0.762319840621573
West Africa,,2000,0.9740928946430351
West Africa,,2001,1.28296045747605
West Africa,,2002,1.6316505297063797
West Africa,,2003,1.76704779136598
West Africa,,2004,1.49764504145271
West Africa,,2005,1.31952686691682
West Africa,,2006,0.445414669188914
West Africa,,2007,1.0550870257958298
West Africa,,2008,1.28454584640653
West Africa,,2009,1.31529575917502
West Africa,,2010,0.7901779131492092